<annotation>
	<folder>New Folder</folder>
	<filename>84509373_1524640533439_mthumb.jpg</filename>
	<path>/home/limei/桌面/labelimg/labelImg-master/New Folder/84509373_1524640533439_mthumb.jpg</path>
	<source>
		<database>Unknown</database>
	</source>
	<size>
		<width>1024</width>
		<height>640</height>
		<depth>3</depth>
	</size>
	<segmented>0</segmented>
	<object>
		<name>bird</name>
		<pose>Unspecified</pose>
		<truncated>0</truncated>
		<difficult>0</difficult>
		<bndbox>
			<xmin>70</xmin>
			<ymin>88</ymin>
			<xmax>649</xmax>
			<ymax>625</ymax>
		</bndbox>
	</object>
</annotation>
