<annotation>
	<folder>JPEGImages</folder>
	<filename>100.jpg</filename>
	<path>/home/limei/桌面/darknet/darknet-master/myData/JPEGImages/100.jpg</path>
	<source>
		<database>Unknown</database>
	</source>
	<size>
		<width>630</width>
		<height>420</height>
		<depth>3</depth>
	</size>
	<segmented>0</segmented>
	<object>
		<name>bird</name>
		<pose>Unspecified</pose>
		<truncated>0</truncated>
		<difficult>0</difficult>
		<bndbox>
			<xmin>221</xmin>
			<ymin>46</ymin>
			<xmax>425</xmax>
			<ymax>399</ymax>
		</bndbox>
	</object>
	<object>
		<name>bird</name>
		<pose>Unspecified</pose>
		<truncated>0</truncated>
		<difficult>0</difficult>
		<bndbox>
			<xmin>371</xmin>
			<ymin>199</ymin>
			<xmax>548</xmax>
			<ymax>373</ymax>
		</bndbox>
	</object>
</annotation>
