<annotation>
	<folder>JPEGImages</folder>
	<filename>11.jpg</filename>
	<path>/home/limei/桌面/darknet/darknet-master/myData/JPEGImages/11.jpg</path>
	<source>
		<database>Unknown</database>
	</source>
	<size>
		<width>543</width>
		<height>987</height>
		<depth>3</depth>
	</size>
	<segmented>0</segmented>
	<object>
		<name>bird</name>
		<pose>Unspecified</pose>
		<truncated>0</truncated>
		<difficult>0</difficult>
		<bndbox>
			<xmin>161</xmin>
			<ymin>339</ymin>
			<xmax>409</xmax>
			<ymax>945</ymax>
		</bndbox>
	</object>
</annotation>
