<annotation>
	<folder>JPEGImages</folder>
	<filename>13.jpg</filename>
	<path>/home/limei/桌面/darknet/darknet-master/myData/JPEGImages/13.jpg</path>
	<source>
		<database>Unknown</database>
	</source>
	<size>
		<width>900</width>
		<height>675</height>
		<depth>3</depth>
	</size>
	<segmented>0</segmented>
	<object>
		<name>bird</name>
		<pose>Unspecified</pose>
		<truncated>0</truncated>
		<difficult>0</difficult>
		<bndbox>
			<xmin>435</xmin>
			<ymin>219</ymin>
			<xmax>767</xmax>
			<ymax>484</ymax>
		</bndbox>
	</object>
</annotation>
