<annotation>
	<folder>JPEGImages</folder>
	<filename>14.jpeg</filename>
	<path>/home/limei/桌面/darknet/darknet-master/myData/JPEGImages/14.jpeg</path>
	<source>
		<database>Unknown</database>
	</source>
	<size>
		<width>1280</width>
		<height>800</height>
		<depth>3</depth>
	</size>
	<segmented>0</segmented>
	<object>
		<name>bird</name>
		<pose>Unspecified</pose>
		<truncated>0</truncated>
		<difficult>0</difficult>
		<bndbox>
			<xmin>208</xmin>
			<ymin>12</ymin>
			<xmax>1123</xmax>
			<ymax>618</ymax>
		</bndbox>
	</object>
</annotation>
