<annotation>
	<folder>JPEGImages</folder>
	<filename>16.jpeg</filename>
	<path>/home/limei/桌面/darknet/darknet-master/myData/JPEGImages/16.jpeg</path>
	<source>
		<database>Unknown</database>
	</source>
	<size>
		<width>800</width>
		<height>1200</height>
		<depth>3</depth>
	</size>
	<segmented>0</segmented>
	<object>
		<name>bird</name>
		<pose>Unspecified</pose>
		<truncated>0</truncated>
		<difficult>0</difficult>
		<bndbox>
			<xmin>39</xmin>
			<ymin>185</ymin>
			<xmax>749</xmax>
			<ymax>782</ymax>
		</bndbox>
	</object>
</annotation>
