<annotation>
	<folder>JPEGImages</folder>
	<filename>17.jpg</filename>
	<path>/home/limei/桌面/darknet/darknet-master/myData/JPEGImages/17.jpg</path>
	<source>
		<database>Unknown</database>
	</source>
	<size>
		<width>1024</width>
		<height>640</height>
		<depth>3</depth>
	</size>
	<segmented>0</segmented>
	<object>
		<name>bird</name>
		<pose>Unspecified</pose>
		<truncated>0</truncated>
		<difficult>0</difficult>
		<bndbox>
			<xmin>533</xmin>
			<ymin>69</ymin>
			<xmax>914</xmax>
			<ymax>605</ymax>
		</bndbox>
	</object>
</annotation>
