<annotation>
	<folder>JPEGImages</folder>
	<filename>19.jpg</filename>
	<path>/home/limei/桌面/darknet/darknet-master/myData/JPEGImages/19.jpg</path>
	<source>
		<database>Unknown</database>
	</source>
	<size>
		<width>900</width>
		<height>675</height>
		<depth>3</depth>
	</size>
	<segmented>0</segmented>
	<object>
		<name>bird</name>
		<pose>Unspecified</pose>
		<truncated>0</truncated>
		<difficult>0</difficult>
		<bndbox>
			<xmin>354</xmin>
			<ymin>46</ymin>
			<xmax>764</xmax>
			<ymax>314</ymax>
		</bndbox>
	</object>
	<object>
		<name>bird</name>
		<pose>Unspecified</pose>
		<truncated>0</truncated>
		<difficult>0</difficult>
		<bndbox>
			<xmin>293</xmin>
			<ymin>280</ymin>
			<xmax>565</xmax>
			<ymax>617</ymax>
		</bndbox>
	</object>
</annotation>
