<annotation>
	<folder>JPEGImages</folder>
	<filename>2.jpg</filename>
	<path>/home/limei/桌面/darknet/darknet-master/myData/JPEGImages/2.jpg</path>
	<source>
		<database>Unknown</database>
	</source>
	<size>
		<width>900</width>
		<height>760</height>
		<depth>3</depth>
	</size>
	<segmented>0</segmented>
	<object>
		<name>bird</name>
		<pose>Unspecified</pose>
		<truncated>0</truncated>
		<difficult>0</difficult>
		<bndbox>
			<xmin>13</xmin>
			<ymin>184</ymin>
			<xmax>548</xmax>
			<ymax>668</ymax>
		</bndbox>
	</object>
</annotation>
