<annotation>
	<folder>JPEGImages</folder>
	<filename>20.jpeg</filename>
	<path>/home/limei/桌面/darknet/darknet-master/myData/JPEGImages/20.jpeg</path>
	<source>
		<database>Unknown</database>
	</source>
	<size>
		<width>900</width>
		<height>601</height>
		<depth>3</depth>
	</size>
	<segmented>0</segmented>
	<object>
		<name>bird</name>
		<pose>Unspecified</pose>
		<truncated>1</truncated>
		<difficult>0</difficult>
		<bndbox>
			<xmin>255</xmin>
			<ymin>47</ymin>
			<xmax>792</xmax>
			<ymax>601</ymax>
		</bndbox>
	</object>
</annotation>
