<annotation>
	<folder>JPEGImages</folder>
	<filename>21.jpeg</filename>
	<path>/home/limei/桌面/darknet/darknet-master/myData/JPEGImages/21.jpeg</path>
	<source>
		<database>Unknown</database>
	</source>
	<size>
		<width>474</width>
		<height>315</height>
		<depth>3</depth>
	</size>
	<segmented>0</segmented>
	<object>
		<name>bird</name>
		<pose>Unspecified</pose>
		<truncated>0</truncated>
		<difficult>0</difficult>
		<bndbox>
			<xmin>275</xmin>
			<ymin>37</ymin>
			<xmax>393</xmax>
			<ymax>253</ymax>
		</bndbox>
	</object>
</annotation>
