<annotation>
	<folder>JPEGImages</folder>
	<filename>22.jpeg</filename>
	<path>/home/limei/桌面/darknet/darknet-master/myData/JPEGImages/22.jpeg</path>
	<source>
		<database>Unknown</database>
	</source>
	<size>
		<width>474</width>
		<height>296</height>
		<depth>3</depth>
	</size>
	<segmented>0</segmented>
	<object>
		<name>bird</name>
		<pose>Unspecified</pose>
		<truncated>0</truncated>
		<difficult>0</difficult>
		<bndbox>
			<xmin>73</xmin>
			<ymin>20</ymin>
			<xmax>370</xmax>
			<ymax>275</ymax>
		</bndbox>
	</object>
</annotation>
