<annotation>
	<folder>JPEGImages</folder>
	<filename>23.jpeg</filename>
	<path>/home/limei/桌面/copy/JPEGImages/23.jpeg</path>
	<source>
		<database>Unknown</database>
	</source>
	<size>
		<width>2272</width>
		<height>1704</height>
		<depth>3</depth>
	</size>
	<segmented>0</segmented>
	<object>
		<name>dog</name>
		<pose>Unspecified</pose>
		<truncated>0</truncated>
		<difficult>0</difficult>
		<bndbox>
			<xmin>421</xmin>
			<ymin>282</ymin>
			<xmax>2158</xmax>
			<ymax>1518</ymax>
		</bndbox>
	</object>
</annotation>
