<annotation>
	<folder>JPEGImages</folder>
	<filename>25.jpeg</filename>
	<path>/home/limei/桌面/darknet/darknet-master/myData/JPEGImages/25.jpeg</path>
	<source>
		<database>Unknown</database>
	</source>
	<size>
		<width>737</width>
		<height>987</height>
		<depth>3</depth>
	</size>
	<segmented>0</segmented>
	<object>
		<name>bird</name>
		<pose>Unspecified</pose>
		<truncated>0</truncated>
		<difficult>0</difficult>
		<bndbox>
			<xmin>235</xmin>
			<ymin>300</ymin>
			<xmax>585</xmax>
			<ymax>755</ymax>
		</bndbox>
	</object>
</annotation>
