<annotation>
	<folder>JPEGImages</folder>
	<filename>26.jpeg</filename>
	<path>/home/limei/桌面/darknet/darknet-master/myData/JPEGImages/26.jpeg</path>
	<source>
		<database>Unknown</database>
	</source>
	<size>
		<width>970</width>
		<height>647</height>
		<depth>3</depth>
	</size>
	<segmented>0</segmented>
	<object>
		<name>bird</name>
		<pose>Unspecified</pose>
		<truncated>1</truncated>
		<difficult>0</difficult>
		<bndbox>
			<xmin>179</xmin>
			<ymin>109</ymin>
			<xmax>651</xmax>
			<ymax>647</ymax>
		</bndbox>
	</object>
</annotation>
