<annotation>
	<folder>JPEGImages</folder>
	<filename>27.jpeg</filename>
	<path>/home/limei/桌面/darknet/darknet-master/myData/JPEGImages/27.jpeg</path>
	<source>
		<database>Unknown</database>
	</source>
	<size>
		<width>1275</width>
		<height>717</height>
		<depth>3</depth>
	</size>
	<segmented>0</segmented>
	<object>
		<name>bird</name>
		<pose>Unspecified</pose>
		<truncated>0</truncated>
		<difficult>0</difficult>
		<bndbox>
			<xmin>572</xmin>
			<ymin>313</ymin>
			<xmax>1062</xmax>
			<ymax>681</ymax>
		</bndbox>
	</object>
</annotation>
