<annotation>
	<folder>JPEGImages</folder>
	<filename>28.jpeg</filename>
	<path>/home/limei/桌面/darknet/darknet-master/myData/JPEGImages/28.jpeg</path>
	<source>
		<database>Unknown</database>
	</source>
	<size>
		<width>1600</width>
		<height>1200</height>
		<depth>3</depth>
	</size>
	<segmented>0</segmented>
	<object>
		<name>bird</name>
		<pose>Unspecified</pose>
		<truncated>0</truncated>
		<difficult>0</difficult>
		<bndbox>
			<xmin>17</xmin>
			<ymin>339</ymin>
			<xmax>952</xmax>
			<ymax>1055</ymax>
		</bndbox>
	</object>
</annotation>
