<annotation>
	<folder>JPEGImages</folder>
	<filename>3.jpg</filename>
	<path>/home/limei/桌面/darknet/darknet-master/myData/JPEGImages/3.jpg</path>
	<source>
		<database>Unknown</database>
	</source>
	<size>
		<width>1024</width>
		<height>576</height>
		<depth>3</depth>
	</size>
	<segmented>0</segmented>
	<object>
		<name>bird</name>
		<pose>Unspecified</pose>
		<truncated>0</truncated>
		<difficult>0</difficult>
		<bndbox>
			<xmin>331</xmin>
			<ymin>148</ymin>
			<xmax>509</xmax>
			<ymax>526</ymax>
		</bndbox>
	</object>
	<object>
		<name>bird</name>
		<pose>Unspecified</pose>
		<truncated>0</truncated>
		<difficult>0</difficult>
		<bndbox>
			<xmin>466</xmin>
			<ymin>117</ymin>
			<xmax>799</xmax>
			<ymax>525</ymax>
		</bndbox>
	</object>
</annotation>
