<annotation>
	<folder>JPEGImages</folder>
	<filename>31.jpeg</filename>
	<path>/home/limei/桌面/darknet/darknet-master/myData/JPEGImages/31.jpeg</path>
	<source>
		<database>Unknown</database>
	</source>
	<size>
		<width>1920</width>
		<height>1080</height>
		<depth>3</depth>
	</size>
	<segmented>0</segmented>
	<object>
		<name>bird</name>
		<pose>Unspecified</pose>
		<truncated>0</truncated>
		<difficult>0</difficult>
		<bndbox>
			<xmin>900</xmin>
			<ymin>432</ymin>
			<xmax>1892</xmax>
			<ymax>1030</ymax>
		</bndbox>
	</object>
	<object>
		<name>bird</name>
		<pose>Unspecified</pose>
		<truncated>0</truncated>
		<difficult>0</difficult>
		<bndbox>
			<xmin>602</xmin>
			<ymin>8</ymin>
			<xmax>1706</xmax>
			<ymax>698</ymax>
		</bndbox>
	</object>
</annotation>
