<annotation>
	<folder>JPEGImages</folder>
	<filename>32.jpg</filename>
	<path>/home/limei/桌面/darknet/darknet-master/myData/JPEGImages/32.jpg</path>
	<source>
		<database>Unknown</database>
	</source>
	<size>
		<width>1920</width>
		<height>1080</height>
		<depth>3</depth>
	</size>
	<segmented>0</segmented>
	<object>
		<name>bird</name>
		<pose>Unspecified</pose>
		<truncated>0</truncated>
		<difficult>0</difficult>
		<bndbox>
			<xmin>1029</xmin>
			<ymin>261</ymin>
			<xmax>1378</xmax>
			<ymax>830</ymax>
		</bndbox>
	</object>
</annotation>
