<annotation>
	<folder>JPEGImages</folder>
	<filename>34.jpeg</filename>
	<path>/home/limei/桌面/darknet/darknet-master/myData/JPEGImages/34.jpeg</path>
	<source>
		<database>Unknown</database>
	</source>
	<size>
		<width>1024</width>
		<height>683</height>
		<depth>3</depth>
	</size>
	<segmented>0</segmented>
	<object>
		<name>bird</name>
		<pose>Unspecified</pose>
		<truncated>0</truncated>
		<difficult>0</difficult>
		<bndbox>
			<xmin>214</xmin>
			<ymin>157</ymin>
			<xmax>609</xmax>
			<ymax>447</ymax>
		</bndbox>
	</object>
</annotation>
