<annotation>
	<folder>JPEGImages</folder>
	<filename>35.jpg</filename>
	<path>/home/limei/桌面/darknet/darknet-master/myData/JPEGImages/35.jpg</path>
	<source>
		<database>Unknown</database>
	</source>
	<size>
		<width>1024</width>
		<height>576</height>
		<depth>3</depth>
	</size>
	<segmented>0</segmented>
	<object>
		<name>bird</name>
		<pose>Unspecified</pose>
		<truncated>0</truncated>
		<difficult>0</difficult>
		<bndbox>
			<xmin>148</xmin>
			<ymin>116</ymin>
			<xmax>535</xmax>
			<ymax>465</ymax>
		</bndbox>
	</object>
</annotation>
