<annotation>
	<folder>JPEGImages</folder>
	<filename>36.jpeg</filename>
	<path>/home/limei/桌面/darknet/darknet-master/myData/JPEGImages/36.jpeg</path>
	<source>
		<database>Unknown</database>
	</source>
	<size>
		<width>600</width>
		<height>867</height>
		<depth>3</depth>
	</size>
	<segmented>0</segmented>
	<object>
		<name>bird</name>
		<pose>Unspecified</pose>
		<truncated>0</truncated>
		<difficult>0</difficult>
		<bndbox>
			<xmin>29</xmin>
			<ymin>171</ymin>
			<xmax>436</xmax>
			<ymax>806</ymax>
		</bndbox>
	</object>
</annotation>
