<annotation>
	<folder>JPEGImages</folder>
	<filename>38.jpeg</filename>
	<path>/home/limei/桌面/darknet/darknet-master/myData/JPEGImages/38.jpeg</path>
	<source>
		<database>Unknown</database>
	</source>
	<size>
		<width>800</width>
		<height>618</height>
		<depth>3</depth>
	</size>
	<segmented>0</segmented>
	<object>
		<name>bird</name>
		<pose>Unspecified</pose>
		<truncated>0</truncated>
		<difficult>0</difficult>
		<bndbox>
			<xmin>96</xmin>
			<ymin>194</ymin>
			<xmax>623</xmax>
			<ymax>527</ymax>
		</bndbox>
	</object>
</annotation>
