<annotation>
	<folder>JPEGImages</folder>
	<filename>39.jpeg</filename>
	<path>/home/limei/桌面/darknet/darknet-master/myData/JPEGImages/39.jpeg</path>
	<source>
		<database>Unknown</database>
	</source>
	<size>
		<width>900</width>
		<height>600</height>
		<depth>3</depth>
	</size>
	<segmented>0</segmented>
	<object>
		<name>bird</name>
		<pose>Unspecified</pose>
		<truncated>0</truncated>
		<difficult>0</difficult>
		<bndbox>
			<xmin>68</xmin>
			<ymin>191</ymin>
			<xmax>418</xmax>
			<ymax>498</ymax>
		</bndbox>
	</object>
	<object>
		<name>bird</name>
		<pose>Unspecified</pose>
		<truncated>0</truncated>
		<difficult>0</difficult>
		<bndbox>
			<xmin>440</xmin>
			<ymin>122</ymin>
			<xmax>808</xmax>
			<ymax>362</ymax>
		</bndbox>
	</object>
</annotation>
