<annotation>
	<folder>JPEGImages</folder>
	<filename>42.jpg</filename>
	<path>/home/limei/桌面/darknet/darknet-master/myData/JPEGImages/42.jpg</path>
	<source>
		<database>Unknown</database>
	</source>
	<size>
		<width>1024</width>
		<height>731</height>
		<depth>3</depth>
	</size>
	<segmented>0</segmented>
	<object>
		<name>bird</name>
		<pose>Unspecified</pose>
		<truncated>0</truncated>
		<difficult>0</difficult>
		<bndbox>
			<xmin>307</xmin>
			<ymin>14</ymin>
			<xmax>785</xmax>
			<ymax>682</ymax>
		</bndbox>
	</object>
</annotation>
