<annotation>
	<folder>JPEGImages</folder>
	<filename>44.jpg</filename>
	<path>/home/limei/桌面/darknet/darknet-master/myData/JPEGImages/44.jpg</path>
	<source>
		<database>Unknown</database>
	</source>
	<size>
		<width>320</width>
		<height>510</height>
		<depth>3</depth>
	</size>
	<segmented>0</segmented>
	<object>
		<name>bird</name>
		<pose>Unspecified</pose>
		<truncated>0</truncated>
		<difficult>0</difficult>
		<bndbox>
			<xmin>60</xmin>
			<ymin>126</ymin>
			<xmax>256</xmax>
			<ymax>350</ymax>
		</bndbox>
	</object>
</annotation>
