<annotation>
	<folder>JPEGImages</folder>
	<filename>45.jpg</filename>
	<path>/home/limei/桌面/darknet/darknet-master/myData/JPEGImages/45.jpg</path>
	<source>
		<database>Unknown</database>
	</source>
	<size>
		<width>800</width>
		<height>600</height>
		<depth>3</depth>
	</size>
	<segmented>0</segmented>
	<object>
		<name>bird</name>
		<pose>Unspecified</pose>
		<truncated>0</truncated>
		<difficult>0</difficult>
		<bndbox>
			<xmin>438</xmin>
			<ymin>171</ymin>
			<xmax>781</xmax>
			<ymax>582</ymax>
		</bndbox>
	</object>
</annotation>
