<annotation>
	<folder>JPEGImages</folder>
	<filename>46.jpeg</filename>
	<path>/home/limei/桌面/darknet/darknet-master/myData/JPEGImages/46.jpeg</path>
	<source>
		<database>Unknown</database>
	</source>
	<size>
		<width>1930</width>
		<height>1310</height>
		<depth>3</depth>
	</size>
	<segmented>0</segmented>
	<object>
		<name>bird</name>
		<pose>Unspecified</pose>
		<truncated>0</truncated>
		<difficult>0</difficult>
		<bndbox>
			<xmin>207</xmin>
			<ymin>394</ymin>
			<xmax>1064</xmax>
			<ymax>1023</ymax>
		</bndbox>
	</object>
</annotation>
