<annotation>
	<folder>JPEGImages</folder>
	<filename>47.jpg</filename>
	<path>/home/limei/桌面/darknet/darknet-master/myData/JPEGImages/47.jpg</path>
	<source>
		<database>Unknown</database>
	</source>
	<size>
		<width>900</width>
		<height>578</height>
		<depth>3</depth>
	</size>
	<segmented>0</segmented>
	<object>
		<name>bird</name>
		<pose>Unspecified</pose>
		<truncated>1</truncated>
		<difficult>0</difficult>
		<bndbox>
			<xmin>233</xmin>
			<ymin>29</ymin>
			<xmax>531</xmax>
			<ymax>578</ymax>
		</bndbox>
	</object>
</annotation>
