<annotation>
	<folder>JPEGImages</folder>
	<filename>49.jpg</filename>
	<path>/home/limei/桌面/darknet/darknet-master/myData/JPEGImages/49.jpg</path>
	<source>
		<database>Unknown</database>
	</source>
	<size>
		<width>1600</width>
		<height>1119</height>
		<depth>3</depth>
	</size>
	<segmented>0</segmented>
	<object>
		<name>bird</name>
		<pose>Unspecified</pose>
		<truncated>0</truncated>
		<difficult>0</difficult>
		<bndbox>
			<xmin>407</xmin>
			<ymin>149</ymin>
			<xmax>849</xmax>
			<ymax>1019</ymax>
		</bndbox>
	</object>
	<object>
		<name>bird</name>
		<pose>Unspecified</pose>
		<truncated>0</truncated>
		<difficult>0</difficult>
		<bndbox>
			<xmin>710</xmin>
			<ymin>137</ymin>
			<xmax>1198</xmax>
			<ymax>1032</ymax>
		</bndbox>
	</object>
</annotation>
