<annotation>
	<folder>JPEGImages</folder>
	<filename>5.jpg</filename>
	<path>/home/limei/桌面/darknet/darknet-master/myData/JPEGImages/5.jpg</path>
	<source>
		<database>Unknown</database>
	</source>
	<size>
		<width>800</width>
		<height>800</height>
		<depth>3</depth>
	</size>
	<segmented>0</segmented>
	<object>
		<name>bird</name>
		<pose>Unspecified</pose>
		<truncated>0</truncated>
		<difficult>0</difficult>
		<bndbox>
			<xmin>39</xmin>
			<ymin>133</ymin>
			<xmax>759</xmax>
			<ymax>701</ymax>
		</bndbox>
	</object>
</annotation>
