<annotation>
	<folder>JPEGImages</folder>
	<filename>53.jpg</filename>
	<path>/home/limei/桌面/darknet/darknet-master/myData/JPEGImages/53.jpg</path>
	<source>
		<database>Unknown</database>
	</source>
	<size>
		<width>1200</width>
		<height>799</height>
		<depth>3</depth>
	</size>
	<segmented>0</segmented>
	<object>
		<name>bird</name>
		<pose>Unspecified</pose>
		<truncated>0</truncated>
		<difficult>0</difficult>
		<bndbox>
			<xmin>391</xmin>
			<ymin>200</ymin>
			<xmax>625</xmax>
			<ymax>692</ymax>
		</bndbox>
	</object>
</annotation>
