<annotation>
	<folder>JPEGImages</folder>
	<filename>58.jpeg</filename>
	<path>/home/limei/桌面/darknet/darknet-master/myData/JPEGImages/58.jpeg</path>
	<source>
		<database>Unknown</database>
	</source>
	<size>
		<width>680</width>
		<height>680</height>
		<depth>3</depth>
	</size>
	<segmented>0</segmented>
	<object>
		<name>bird</name>
		<pose>Unspecified</pose>
		<truncated>0</truncated>
		<difficult>0</difficult>
		<bndbox>
			<xmin>39</xmin>
			<ymin>46</ymin>
			<xmax>583</xmax>
			<ymax>654</ymax>
		</bndbox>
	</object>
</annotation>
