<annotation>
	<folder>JPEGImages</folder>
	<filename>59.jpeg</filename>
	<path>/home/limei/桌面/darknet/darknet-master/myData/JPEGImages/59.jpeg</path>
	<source>
		<database>Unknown</database>
	</source>
	<size>
		<width>970</width>
		<height>728</height>
		<depth>3</depth>
	</size>
	<segmented>0</segmented>
	<object>
		<name>bird</name>
		<pose>Unspecified</pose>
		<truncated>0</truncated>
		<difficult>0</difficult>
		<bndbox>
			<xmin>309</xmin>
			<ymin>229</ymin>
			<xmax>834</xmax>
			<ymax>674</ymax>
		</bndbox>
	</object>
</annotation>
