<annotation>
	<folder>JPEGImages</folder>
	<filename>60.jpg</filename>
	<path>/home/limei/桌面/darknet/darknet-master/myData/JPEGImages/60.jpg</path>
	<source>
		<database>Unknown</database>
	</source>
	<size>
		<width>1024</width>
		<height>1820</height>
		<depth>3</depth>
	</size>
	<segmented>0</segmented>
	<object>
		<name>bird</name>
		<pose>Unspecified</pose>
		<truncated>1</truncated>
		<difficult>0</difficult>
		<bndbox>
			<xmin>68</xmin>
			<ymin>729</ymin>
			<xmax>1004</xmax>
			<ymax>1820</ymax>
		</bndbox>
	</object>
</annotation>
