<annotation>
	<folder>JPEGImages</folder>
	<filename>61.jpeg</filename>
	<path>/home/limei/桌面/darknet/darknet-master/myData/JPEGImages/61.jpeg</path>
	<source>
		<database>Unknown</database>
	</source>
	<size>
		<width>1200</width>
		<height>900</height>
		<depth>3</depth>
	</size>
	<segmented>0</segmented>
	<object>
		<name>bird</name>
		<pose>Unspecified</pose>
		<truncated>0</truncated>
		<difficult>0</difficult>
		<bndbox>
			<xmin>639</xmin>
			<ymin>23</ymin>
			<xmax>1084</xmax>
			<ymax>589</ymax>
		</bndbox>
	</object>
</annotation>
