<annotation>
	<folder>JPEGImages</folder>
	<filename>62.jpeg</filename>
	<path>/home/limei/桌面/darknet/darknet-master/myData/JPEGImages/62.jpeg</path>
	<source>
		<database>Unknown</database>
	</source>
	<size>
		<width>800</width>
		<height>607</height>
		<depth>3</depth>
	</size>
	<segmented>0</segmented>
	<object>
		<name>bird</name>
		<pose>Unspecified</pose>
		<truncated>0</truncated>
		<difficult>0</difficult>
		<bndbox>
			<xmin>112</xmin>
			<ymin>61</ymin>
			<xmax>768</xmax>
			<ymax>512</ymax>
		</bndbox>
	</object>
</annotation>
