<annotation>
	<folder>JPEGImages</folder>
	<filename>64.jpeg</filename>
	<path>/home/limei/桌面/darknet/darknet-master/myData/JPEGImages/64.jpeg</path>
	<source>
		<database>Unknown</database>
	</source>
	<size>
		<width>800</width>
		<height>600</height>
		<depth>3</depth>
	</size>
	<segmented>0</segmented>
	<object>
		<name>bird</name>
		<pose>Unspecified</pose>
		<truncated>1</truncated>
		<difficult>0</difficult>
		<bndbox>
			<xmin>1</xmin>
			<ymin>94</ymin>
			<xmax>484</xmax>
			<ymax>595</ymax>
		</bndbox>
	</object>
</annotation>
