<annotation>
	<folder>JPEGImages</folder>
	<filename>66.jpeg</filename>
	<path>/home/limei/桌面/darknet/darknet-master/myData/JPEGImages/66.jpeg</path>
	<source>
		<database>Unknown</database>
	</source>
	<size>
		<width>474</width>
		<height>676</height>
		<depth>3</depth>
	</size>
	<segmented>0</segmented>
	<object>
		<name>bird</name>
		<pose>Unspecified</pose>
		<truncated>0</truncated>
		<difficult>0</difficult>
		<bndbox>
			<xmin>53</xmin>
			<ymin>108</ymin>
			<xmax>371</xmax>
			<ymax>610</ymax>
		</bndbox>
	</object>
</annotation>
