<annotation>
	<folder>JPEGImages</folder>
	<filename>67.jpg</filename>
	<path>/home/limei/桌面/darknet/darknet-master/myData/JPEGImages/67.jpg</path>
	<source>
		<database>Unknown</database>
	</source>
	<size>
		<width>1024</width>
		<height>1024</height>
		<depth>3</depth>
	</size>
	<segmented>0</segmented>
	<object>
		<name>bird</name>
		<pose>Unspecified</pose>
		<truncated>0</truncated>
		<difficult>0</difficult>
		<bndbox>
			<xmin>79</xmin>
			<ymin>148</ymin>
			<xmax>947</xmax>
			<ymax>883</ymax>
		</bndbox>
	</object>
</annotation>
