<annotation>
	<folder>JPEGImages</folder>
	<filename>7.jpg</filename>
	<path>/home/limei/桌面/darknet/darknet-master/myData/JPEGImages/7.jpg</path>
	<source>
		<database>Unknown</database>
	</source>
	<size>
		<width>1400</width>
		<height>1050</height>
		<depth>3</depth>
	</size>
	<segmented>0</segmented>
	<object>
		<name>bird</name>
		<pose>Unspecified</pose>
		<truncated>0</truncated>
		<difficult>0</difficult>
		<bndbox>
			<xmin>7</xmin>
			<ymin>271</ymin>
			<xmax>786</xmax>
			<ymax>866</ymax>
		</bndbox>
	</object>
</annotation>
