<annotation>
	<folder>JPEGImages</folder>
	<filename>71.jpg</filename>
	<path>/home/limei/桌面/darknet/darknet-master/myData/JPEGImages/71.jpg</path>
	<source>
		<database>Unknown</database>
	</source>
	<size>
		<width>900</width>
		<height>675</height>
		<depth>3</depth>
	</size>
	<segmented>0</segmented>
	<object>
		<name>bird</name>
		<pose>Unspecified</pose>
		<truncated>0</truncated>
		<difficult>0</difficult>
		<bndbox>
			<xmin>221</xmin>
			<ymin>215</ymin>
			<xmax>590</xmax>
			<ymax>546</ymax>
		</bndbox>
	</object>
</annotation>
