<annotation>
	<folder>JPEGImages</folder>
	<filename>72.jpeg</filename>
	<path>/home/limei/桌面/darknet/darknet-master/myData/JPEGImages/72.jpeg</path>
	<source>
		<database>Unknown</database>
	</source>
	<size>
		<width>3000</width>
		<height>2000</height>
		<depth>3</depth>
	</size>
	<segmented>0</segmented>
	<object>
		<name>bird</name>
		<pose>Unspecified</pose>
		<truncated>0</truncated>
		<difficult>0</difficult>
		<bndbox>
			<xmin>1383</xmin>
			<ymin>501</ymin>
			<xmax>2467</xmax>
			<ymax>1527</ymax>
		</bndbox>
	</object>
</annotation>
