<annotation>
	<folder>JPEGImages</folder>
	<filename>73.jpg</filename>
	<path>/home/limei/桌面/darknet/darknet-master/myData/JPEGImages/73.jpg</path>
	<source>
		<database>Unknown</database>
	</source>
	<size>
		<width>900</width>
		<height>730</height>
		<depth>3</depth>
	</size>
	<segmented>0</segmented>
	<object>
		<name>bird</name>
		<pose>Unspecified</pose>
		<truncated>0</truncated>
		<difficult>0</difficult>
		<bndbox>
			<xmin>188</xmin>
			<ymin>65</ymin>
			<xmax>559</xmax>
			<ymax>443</ymax>
		</bndbox>
	</object>
	<object>
		<name>bird</name>
		<pose>Unspecified</pose>
		<truncated>0</truncated>
		<difficult>0</difficult>
		<bndbox>
			<xmin>455</xmin>
			<ymin>307</ymin>
			<xmax>696</xmax>
			<ymax>605</ymax>
		</bndbox>
	</object>
</annotation>
