<annotation>
	<folder>JPEGImages</folder>
	<filename>74.jpeg</filename>
	<path>/home/limei/桌面/darknet/darknet-master/myData/JPEGImages/74.jpeg</path>
	<source>
		<database>Unknown</database>
	</source>
	<size>
		<width>970</width>
		<height>647</height>
		<depth>3</depth>
	</size>
	<segmented>0</segmented>
	<object>
		<name>bird</name>
		<pose>Unspecified</pose>
		<truncated>0</truncated>
		<difficult>0</difficult>
		<bndbox>
			<xmin>418</xmin>
			<ymin>110</ymin>
			<xmax>649</xmax>
			<ymax>494</ymax>
		</bndbox>
	</object>
	<object>
		<name>bird</name>
		<pose>Unspecified</pose>
		<truncated>0</truncated>
		<difficult>0</difficult>
		<bndbox>
			<xmin>623</xmin>
			<ymin>164</ymin>
			<xmax>871</xmax>
			<ymax>608</ymax>
		</bndbox>
	</object>
</annotation>
