<annotation>
	<folder>JPEGImages</folder>
	<filename>75.jpg</filename>
	<path>/home/limei/桌面/darknet/darknet-master/myData/JPEGImages/75.jpg</path>
	<source>
		<database>Unknown</database>
	</source>
	<size>
		<width>969</width>
		<height>987</height>
		<depth>3</depth>
	</size>
	<segmented>0</segmented>
	<object>
		<name>bird</name>
		<pose>Unspecified</pose>
		<truncated>1</truncated>
		<difficult>0</difficult>
		<bndbox>
			<xmin>291</xmin>
			<ymin>128</ymin>
			<xmax>686</xmax>
			<ymax>987</ymax>
		</bndbox>
	</object>
</annotation>
