<annotation>
	<folder>JPEGImages</folder>
	<filename>78.jpeg</filename>
	<path>/home/limei/桌面/darknet/darknet-master/myData/JPEGImages/78.jpeg</path>
	<source>
		<database>Unknown</database>
	</source>
	<size>
		<width>900</width>
		<height>600</height>
		<depth>3</depth>
	</size>
	<segmented>0</segmented>
	<object>
		<name>bird</name>
		<pose>Unspecified</pose>
		<truncated>0</truncated>
		<difficult>0</difficult>
		<bndbox>
			<xmin>335</xmin>
			<ymin>33</ymin>
			<xmax>490</xmax>
			<ymax>439</ymax>
		</bndbox>
	</object>
</annotation>
