<annotation>
	<folder>JPEGImages</folder>
	<filename>79.jpeg</filename>
	<path>/home/limei/桌面/darknet/darknet-master/myData/JPEGImages/79.jpeg</path>
	<source>
		<database>Unknown</database>
	</source>
	<size>
		<width>660</width>
		<height>660</height>
		<depth>3</depth>
	</size>
	<segmented>0</segmented>
	<object>
		<name>bird</name>
		<pose>Unspecified</pose>
		<truncated>0</truncated>
		<difficult>0</difficult>
		<bndbox>
			<xmin>92</xmin>
			<ymin>50</ymin>
			<xmax>452</xmax>
			<ymax>601</ymax>
		</bndbox>
	</object>
</annotation>
