<annotation>
	<folder>JPEGImages</folder>
	<filename>8.jpg</filename>
	<path>/home/limei/桌面/darknet/darknet-master/myData/JPEGImages/8.jpg</path>
	<source>
		<database>Unknown</database>
	</source>
	<size>
		<width>1024</width>
		<height>640</height>
		<depth>3</depth>
	</size>
	<segmented>0</segmented>
	<object>
		<name>bird</name>
		<pose>Unspecified</pose>
		<truncated>1</truncated>
		<difficult>0</difficult>
		<bndbox>
			<xmin>195</xmin>
			<ymin>49</ymin>
			<xmax>855</xmax>
			<ymax>640</ymax>
		</bndbox>
	</object>
</annotation>
