<annotation>
	<folder>JPEGImages</folder>
	<filename>80.jpg</filename>
	<path>/home/limei/桌面/darknet/darknet-master/myData/JPEGImages/80.jpg</path>
	<source>
		<database>Unknown</database>
	</source>
	<size>
		<width>650</width>
		<height>434</height>
		<depth>3</depth>
	</size>
	<segmented>0</segmented>
	<object>
		<name>bird</name>
		<pose>Unspecified</pose>
		<truncated>0</truncated>
		<difficult>0</difficult>
		<bndbox>
			<xmin>130</xmin>
			<ymin>12</ymin>
			<xmax>374</xmax>
			<ymax>327</ymax>
		</bndbox>
	</object>
</annotation>
