<annotation>
	<folder>JPEGImages</folder>
	<filename>82.jpg</filename>
	<path>/home/limei/桌面/darknet/darknet-master/myData/JPEGImages/82.jpg</path>
	<source>
		<database>Unknown</database>
	</source>
	<size>
		<width>320</width>
		<height>510</height>
		<depth>3</depth>
	</size>
	<segmented>0</segmented>
	<object>
		<name>bird</name>
		<pose>Unspecified</pose>
		<truncated>0</truncated>
		<difficult>0</difficult>
		<bndbox>
			<xmin>26</xmin>
			<ymin>172</ymin>
			<xmax>139</xmax>
			<ymax>361</ymax>
		</bndbox>
	</object>
</annotation>
