<annotation>
	<folder>JPEGImages</folder>
	<filename>83.jpeg</filename>
	<path>/home/limei/桌面/darknet/darknet-master/myData/JPEGImages/83.jpeg</path>
	<source>
		<database>Unknown</database>
	</source>
	<size>
		<width>610</width>
		<height>456</height>
		<depth>3</depth>
	</size>
	<segmented>0</segmented>
	<object>
		<name>bird</name>
		<pose>Unspecified</pose>
		<truncated>0</truncated>
		<difficult>0</difficult>
		<bndbox>
			<xmin>26</xmin>
			<ymin>59</ymin>
			<xmax>494</xmax>
			<ymax>401</ymax>
		</bndbox>
	</object>
</annotation>
