<annotation>
	<folder>JPEGImages</folder>
	<filename>84.jpeg</filename>
	<path>/home/limei/桌面/darknet/darknet-master/myData/JPEGImages/84.jpeg</path>
	<source>
		<database>Unknown</database>
	</source>
	<size>
		<width>1300</width>
		<height>732</height>
		<depth>3</depth>
	</size>
	<segmented>0</segmented>
	<object>
		<name>bird</name>
		<pose>Unspecified</pose>
		<truncated>0</truncated>
		<difficult>0</difficult>
		<bndbox>
			<xmin>471</xmin>
			<ymin>47</ymin>
			<xmax>1209</xmax>
			<ymax>579</ymax>
		</bndbox>
	</object>
</annotation>
