<annotation>
	<folder>JPEGImages</folder>
	<filename>86.jpg</filename>
	<path>/home/limei/桌面/darknet/darknet-master/myData/JPEGImages/86.jpg</path>
	<source>
		<database>Unknown</database>
	</source>
	<size>
		<width>650</width>
		<height>432</height>
		<depth>3</depth>
	</size>
	<segmented>0</segmented>
	<object>
		<name>bird</name>
		<pose>Unspecified</pose>
		<truncated>0</truncated>
		<difficult>0</difficult>
		<bndbox>
			<xmin>323</xmin>
			<ymin>223</ymin>
			<xmax>535</xmax>
			<ymax>400</ymax>
		</bndbox>
	</object>
</annotation>
