<annotation>
	<folder>JPEGImages</folder>
	<filename>88.jpeg</filename>
	<path>/home/limei/桌面/darknet/darknet-master/myData/JPEGImages/88.jpeg</path>
	<source>
		<database>Unknown</database>
	</source>
	<size>
		<width>474</width>
		<height>472</height>
		<depth>3</depth>
	</size>
	<segmented>0</segmented>
	<object>
		<name>bird</name>
		<pose>Unspecified</pose>
		<truncated>0</truncated>
		<difficult>0</difficult>
		<bndbox>
			<xmin>70</xmin>
			<ymin>27</ymin>
			<xmax>426</xmax>
			<ymax>444</ymax>
		</bndbox>
	</object>
</annotation>
