<annotation>
	<folder>JPEGImages</folder>
	<filename>9.jpg</filename>
	<path>/home/limei/桌面/darknet/darknet-master/myData/JPEGImages/9.jpg</path>
	<source>
		<database>Unknown</database>
	</source>
	<size>
		<width>1024</width>
		<height>612</height>
		<depth>3</depth>
	</size>
	<segmented>0</segmented>
	<object>
		<name>bird</name>
		<pose>Unspecified</pose>
		<truncated>1</truncated>
		<difficult>0</difficult>
		<bndbox>
			<xmin>1</xmin>
			<ymin>6</ymin>
			<xmax>494</xmax>
			<ymax>422</ymax>
		</bndbox>
	</object>
	<object>
		<name>bird</name>
		<pose>Unspecified</pose>
		<truncated>0</truncated>
		<difficult>0</difficult>
		<bndbox>
			<xmin>445</xmin>
			<ymin>151</ymin>
			<xmax>1021</xmax>
			<ymax>593</ymax>
		</bndbox>
	</object>
</annotation>
