<annotation>
	<folder>JPEGImages</folder>
	<filename>90.jpeg</filename>
	<path>/home/limei/桌面/darknet/darknet-master/myData/JPEGImages/90.jpeg</path>
	<source>
		<database>Unknown</database>
	</source>
	<size>
		<width>474</width>
		<height>296</height>
		<depth>3</depth>
	</size>
	<segmented>0</segmented>
	<object>
		<name>bird</name>
		<pose>Unspecified</pose>
		<truncated>1</truncated>
		<difficult>0</difficult>
		<bndbox>
			<xmin>137</xmin>
			<ymin>32</ymin>
			<xmax>296</xmax>
			<ymax>296</ymax>
		</bndbox>
	</object>
</annotation>
