<annotation>
	<folder>JPEGImages</folder>
	<filename>91.jpg</filename>
	<path>/home/limei/桌面/darknet/darknet-master/myData/JPEGImages/91.jpg</path>
	<source>
		<database>Unknown</database>
	</source>
	<size>
		<width>650</width>
		<height>433</height>
		<depth>3</depth>
	</size>
	<segmented>0</segmented>
	<object>
		<name>bird</name>
		<pose>Unspecified</pose>
		<truncated>1</truncated>
		<difficult>0</difficult>
		<bndbox>
			<xmin>169</xmin>
			<ymin>38</ymin>
			<xmax>603</xmax>
			<ymax>433</ymax>
		</bndbox>
	</object>
</annotation>
