<annotation>
	<folder>JPEGImages</folder>
	<filename>93.jpeg</filename>
	<path>/home/limei/桌面/darknet/darknet-master/myData/JPEGImages/93.jpeg</path>
	<source>
		<database>Unknown</database>
	</source>
	<size>
		<width>684</width>
		<height>900</height>
		<depth>3</depth>
	</size>
	<segmented>0</segmented>
	<object>
		<name>bird</name>
		<pose>Unspecified</pose>
		<truncated>0</truncated>
		<difficult>0</difficult>
		<bndbox>
			<xmin>187</xmin>
			<ymin>104</ymin>
			<xmax>455</xmax>
			<ymax>871</ymax>
		</bndbox>
	</object>
</annotation>
