<annotation>
	<folder>JPEGImages</folder>
	<filename>94.jpg</filename>
	<path>/home/limei/桌面/darknet/darknet-master/myData/JPEGImages/94.jpg</path>
	<source>
		<database>Unknown</database>
	</source>
	<size>
		<width>630</width>
		<height>472</height>
		<depth>3</depth>
	</size>
	<segmented>0</segmented>
	<object>
		<name>bird</name>
		<pose>Unspecified</pose>
		<truncated>0</truncated>
		<difficult>0</difficult>
		<bndbox>
			<xmin>238</xmin>
			<ymin>5</ymin>
			<xmax>567</xmax>
			<ymax>442</ymax>
		</bndbox>
	</object>
</annotation>
