<annotation>
	<folder>JPEGImages</folder>
	<filename>96.jpg</filename>
	<path>/home/limei/桌面/darknet/darknet-master/myData/JPEGImages/96.jpg</path>
	<source>
		<database>Unknown</database>
	</source>
	<size>
		<width>600</width>
		<height>375</height>
		<depth>3</depth>
	</size>
	<segmented>0</segmented>
	<object>
		<name>bird</name>
		<pose>Unspecified</pose>
		<truncated>1</truncated>
		<difficult>0</difficult>
		<bndbox>
			<xmin>216</xmin>
			<ymin>90</ymin>
			<xmax>577</xmax>
			<ymax>375</ymax>
		</bndbox>
	</object>
</annotation>
