<annotation>
	<folder>JPEGImages</folder>
	<filename>97.jpg</filename>
	<path>/home/limei/桌面/darknet/darknet-master/myData/JPEGImages/97.jpg</path>
	<source>
		<database>Unknown</database>
	</source>
	<size>
		<width>500</width>
		<height>600</height>
		<depth>3</depth>
	</size>
	<segmented>0</segmented>
	<object>
		<name>bird</name>
		<pose>Unspecified</pose>
		<truncated>1</truncated>
		<difficult>0</difficult>
		<bndbox>
			<xmin>38</xmin>
			<ymin>186</ymin>
			<xmax>229</xmax>
			<ymax>600</ymax>
		</bndbox>
	</object>
	<object>
		<name>bird</name>
		<pose>Unspecified</pose>
		<truncated>1</truncated>
		<difficult>0</difficult>
		<bndbox>
			<xmin>245</xmin>
			<ymin>272</ymin>
			<xmax>486</xmax>
			<ymax>600</ymax>
		</bndbox>
	</object>
</annotation>
