<annotation>
	<folder>JPEGImages</folder>
	<filename>98.jpeg</filename>
	<path>/home/limei/桌面/darknet/darknet-master/myData/JPEGImages/98.jpeg</path>
	<source>
		<database>Unknown</database>
	</source>
	<size>
		<width>970</width>
		<height>776</height>
		<depth>3</depth>
	</size>
	<segmented>0</segmented>
	<object>
		<name>bird</name>
		<pose>Unspecified</pose>
		<truncated>1</truncated>
		<difficult>0</difficult>
		<bndbox>
			<xmin>128</xmin>
			<ymin>119</ymin>
			<xmax>970</xmax>
			<ymax>749</ymax>
		</bndbox>
	</object>
</annotation>
