<annotation>
	<folder>JPEGImages</folder>
	<filename>99.jpeg</filename>
	<path>/home/limei/桌面/darknet/darknet-master/myData/JPEGImages/99.jpeg</path>
	<source>
		<database>Unknown</database>
	</source>
	<size>
		<width>474</width>
		<height>319</height>
		<depth>3</depth>
	</size>
	<segmented>0</segmented>
	<object>
		<name>bird</name>
		<pose>Unspecified</pose>
		<truncated>0</truncated>
		<difficult>0</difficult>
		<bndbox>
			<xmin>101</xmin>
			<ymin>50</ymin>
			<xmax>262</xmax>
			<ymax>267</ymax>
		</bndbox>
	</object>
</annotation>
