<annotation>
	<folder>JPEGImages</folder>
	<filename>b1.jpg</filename>
	<path>/home/limei/桌面/copy/JPEGImages/b1.jpg</path>
	<source>
		<database>Unknown</database>
	</source>
	<size>
		<width>800</width>
		<height>548</height>
		<depth>3</depth>
	</size>
	<segmented>0</segmented>
	<object>
		<name>horse</name>
		<pose>Unspecified</pose>
		<truncated>0</truncated>
		<difficult>0</difficult>
		<bndbox>
			<xmin>147</xmin>
			<ymin>108</ymin>
			<xmax>783</xmax>
			<ymax>448</ymax>
		</bndbox>
	</object>
</annotation>
