<annotation>
	<folder>JPEGImages</folder>
	<filename>b10.jpeg</filename>
	<path>/home/limei/桌面/copy/JPEGImages/b10.jpeg</path>
	<source>
		<database>Unknown</database>
	</source>
	<size>
		<width>3189</width>
		<height>2592</height>
		<depth>3</depth>
	</size>
	<segmented>0</segmented>
	<object>
		<name>horse</name>
		<pose>Unspecified</pose>
		<truncated>1</truncated>
		<difficult>0</difficult>
		<bndbox>
			<xmin>1016</xmin>
			<ymin>883</ymin>
			<xmax>1964</xmax>
			<ymax>2592</ymax>
		</bndbox>
	</object>
</annotation>
