<annotation>
	<folder>JPEGImages</folder>
	<filename>b100.jpeg</filename>
	<path>/home/limei/桌面/copy/JPEGImages/b100.jpeg</path>
	<source>
		<database>Unknown</database>
	</source>
	<size>
		<width>970</width>
		<height>815</height>
		<depth>3</depth>
	</size>
	<segmented>0</segmented>
	<object>
		<name>horse</name>
		<pose>Unspecified</pose>
		<truncated>0</truncated>
		<difficult>0</difficult>
		<bndbox>
			<xmin>148</xmin>
			<ymin>106</ymin>
			<xmax>468</xmax>
			<ymax>735</ymax>
		</bndbox>
	</object>
	<object>
		<name>horse</name>
		<pose>Unspecified</pose>
		<truncated>0</truncated>
		<difficult>0</difficult>
		<bndbox>
			<xmin>505</xmin>
			<ymin>149</ymin>
			<xmax>863</xmax>
			<ymax>720</ymax>
		</bndbox>
	</object>
</annotation>
