<annotation>
	<folder>JPEGImages</folder>
	<filename>b11.jpg</filename>
	<path>/home/limei/桌面/copy/JPEGImages/b11.jpg</path>
	<source>
		<database>Unknown</database>
	</source>
	<size>
		<width>800</width>
		<height>534</height>
		<depth>3</depth>
	</size>
	<segmented>0</segmented>
	<object>
		<name>horse</name>
		<pose>Unspecified</pose>
		<truncated>0</truncated>
		<difficult>0</difficult>
		<bndbox>
			<xmin>10</xmin>
			<ymin>68</ymin>
			<xmax>569</xmax>
			<ymax>446</ymax>
		</bndbox>
	</object>
	<object>
		<name>horse</name>
		<pose>Unspecified</pose>
		<truncated>0</truncated>
		<difficult>0</difficult>
		<bndbox>
			<xmin>445</xmin>
			<ymin>51</ymin>
			<xmax>680</xmax>
			<ymax>272</ymax>
		</bndbox>
	</object>
</annotation>
