<annotation>
	<folder>JPEGImages</folder>
	<filename>b12.jpeg</filename>
	<path>/home/limei/桌面/copy/JPEGImages/b12.jpeg</path>
	<source>
		<database>Unknown</database>
	</source>
	<size>
		<width>1169</width>
		<height>799</height>
		<depth>3</depth>
	</size>
	<segmented>0</segmented>
	<object>
		<name>horse</name>
		<pose>Unspecified</pose>
		<truncated>0</truncated>
		<difficult>0</difficult>
		<bndbox>
			<xmin>165</xmin>
			<ymin>137</ymin>
			<xmax>681</xmax>
			<ymax>756</ymax>
		</bndbox>
	</object>
</annotation>
