<annotation>
	<folder>JPEGImages</folder>
	<filename>b13.jpeg</filename>
	<path>/home/limei/桌面/copy/JPEGImages/b13.jpeg</path>
	<source>
		<database>Unknown</database>
	</source>
	<size>
		<width>1024</width>
		<height>680</height>
		<depth>3</depth>
	</size>
	<segmented>0</segmented>
	<object>
		<name>horse</name>
		<pose>Unspecified</pose>
		<truncated>1</truncated>
		<difficult>0</difficult>
		<bndbox>
			<xmin>218</xmin>
			<ymin>1</ymin>
			<xmax>1018</xmax>
			<ymax>551</ymax>
		</bndbox>
	</object>
</annotation>
