<annotation>
	<folder>JPEGImages</folder>
	<filename>b14.jpeg</filename>
	<path>/home/limei/桌面/copy/JPEGImages/b14.jpeg</path>
	<source>
		<database>Unknown</database>
	</source>
	<size>
		<width>474</width>
		<height>355</height>
		<depth>3</depth>
	</size>
	<segmented>0</segmented>
	<object>
		<name>horse</name>
		<pose>Unspecified</pose>
		<truncated>1</truncated>
		<difficult>0</difficult>
		<bndbox>
			<xmin>9</xmin>
			<ymin>14</ymin>
			<xmax>425</xmax>
			<ymax>355</ymax>
		</bndbox>
	</object>
</annotation>
