<annotation>
	<folder>JPEGImages</folder>
	<filename>b16.jpeg</filename>
	<path>/home/limei/桌面/copy/JPEGImages/b16.jpeg</path>
	<source>
		<database>Unknown</database>
	</source>
	<size>
		<width>800</width>
		<height>709</height>
		<depth>3</depth>
	</size>
	<segmented>0</segmented>
	<object>
		<name>horse</name>
		<pose>Unspecified</pose>
		<truncated>1</truncated>
		<difficult>0</difficult>
		<bndbox>
			<xmin>1</xmin>
			<ymin>27</ymin>
			<xmax>367</xmax>
			<ymax>709</ymax>
		</bndbox>
	</object>
	<object>
		<name>horse</name>
		<pose>Unspecified</pose>
		<truncated>0</truncated>
		<difficult>0</difficult>
		<bndbox>
			<xmin>271</xmin>
			<ymin>168</ymin>
			<xmax>745</xmax>
			<ymax>698</ymax>
		</bndbox>
	</object>
</annotation>
