<annotation>
	<folder>JPEGImages</folder>
	<filename>b18.jpeg</filename>
	<path>/home/limei/桌面/copy/JPEGImages/b18.jpeg</path>
	<source>
		<database>Unknown</database>
	</source>
	<size>
		<width>1077</width>
		<height>799</height>
		<depth>3</depth>
	</size>
	<segmented>0</segmented>
	<object>
		<name>horse</name>
		<pose>Unspecified</pose>
		<truncated>0</truncated>
		<difficult>0</difficult>
		<bndbox>
			<xmin>233</xmin>
			<ymin>56</ymin>
			<xmax>546</xmax>
			<ymax>733</ymax>
		</bndbox>
	</object>
	<object>
		<name>horse</name>
		<pose>Unspecified</pose>
		<truncated>0</truncated>
		<difficult>0</difficult>
		<bndbox>
			<xmin>532</xmin>
			<ymin>78</ymin>
			<xmax>991</xmax>
			<ymax>768</ymax>
		</bndbox>
	</object>
</annotation>
