<annotation>
	<folder>JPEGImages</folder>
	<filename>b19.jpeg</filename>
	<path>/home/limei/桌面/copy/JPEGImages/b19.jpeg</path>
	<source>
		<database>Unknown</database>
	</source>
	<size>
		<width>474</width>
		<height>342</height>
		<depth>3</depth>
	</size>
	<segmented>0</segmented>
	<object>
		<name>horse</name>
		<pose>Unspecified</pose>
		<truncated>1</truncated>
		<difficult>0</difficult>
		<bndbox>
			<xmin>86</xmin>
			<ymin>48</ymin>
			<xmax>474</xmax>
			<ymax>341</ymax>
		</bndbox>
	</object>
</annotation>
