<annotation>
	<folder>JPEGImages</folder>
	<filename>b2.jpeg</filename>
	<path>/home/limei/桌面/copy/JPEGImages/b2.jpeg</path>
	<source>
		<database>Unknown</database>
	</source>
	<size>
		<width>800</width>
		<height>533</height>
		<depth>3</depth>
	</size>
	<segmented>0</segmented>
	<object>
		<name>horse</name>
		<pose>Unspecified</pose>
		<truncated>0</truncated>
		<difficult>0</difficult>
		<bndbox>
			<xmin>39</xmin>
			<ymin>15</ymin>
			<xmax>789</xmax>
			<ymax>528</ymax>
		</bndbox>
	</object>
</annotation>
