<annotation>
	<folder>JPEGImages</folder>
	<filename>b20.jpeg</filename>
	<path>/home/limei/桌面/copy/JPEGImages/b20.jpeg</path>
	<source>
		<database>Unknown</database>
	</source>
	<size>
		<width>1600</width>
		<height>1167</height>
		<depth>3</depth>
	</size>
	<segmented>0</segmented>
	<object>
		<name>horse</name>
		<pose>Unspecified</pose>
		<truncated>0</truncated>
		<difficult>0</difficult>
		<bndbox>
			<xmin>754</xmin>
			<ymin>377</ymin>
			<xmax>1295</xmax>
			<ymax>777</ymax>
		</bndbox>
	</object>
</annotation>
