<annotation>
	<folder>JPEGImages</folder>
	<filename>b23.jpg</filename>
	<path>/home/limei/桌面/copy/JPEGImages/b23.jpg</path>
	<source>
		<database>Unknown</database>
	</source>
	<size>
		<width>800</width>
		<height>530</height>
		<depth>3</depth>
	</size>
	<segmented>0</segmented>
	<object>
		<name>horse</name>
		<pose>Unspecified</pose>
		<truncated>0</truncated>
		<difficult>0</difficult>
		<bndbox>
			<xmin>345</xmin>
			<ymin>137</ymin>
			<xmax>718</xmax>
			<ymax>472</ymax>
		</bndbox>
	</object>
</annotation>
