<annotation>
	<folder>JPEGImages</folder>
	<filename>b24.jpg</filename>
	<path>/home/limei/桌面/copy/JPEGImages/b24.jpg</path>
	<source>
		<database>Unknown</database>
	</source>
	<size>
		<width>800</width>
		<height>527</height>
		<depth>3</depth>
	</size>
	<segmented>0</segmented>
	<object>
		<name>horse</name>
		<pose>Unspecified</pose>
		<truncated>0</truncated>
		<difficult>0</difficult>
		<bndbox>
			<xmin>64</xmin>
			<ymin>37</ymin>
			<xmax>642</xmax>
			<ymax>414</ymax>
		</bndbox>
	</object>
</annotation>
