<annotation>
	<folder>JPEGImages</folder>
	<filename>b26.jpg</filename>
	<path>/home/limei/桌面/copy/JPEGImages/b26.jpg</path>
	<source>
		<database>Unknown</database>
	</source>
	<size>
		<width>800</width>
		<height>535</height>
		<depth>3</depth>
	</size>
	<segmented>0</segmented>
	<object>
		<name>horse</name>
		<pose>Unspecified</pose>
		<truncated>1</truncated>
		<difficult>0</difficult>
		<bndbox>
			<xmin>1</xmin>
			<ymin>27</ymin>
			<xmax>539</xmax>
			<ymax>535</ymax>
		</bndbox>
	</object>
</annotation>
