<annotation>
	<folder>JPEGImages</folder>
	<filename>b27.jpeg</filename>
	<path>/home/limei/桌面/copy/JPEGImages/b27.jpeg</path>
	<source>
		<database>Unknown</database>
	</source>
	<size>
		<width>685</width>
		<height>1023</height>
		<depth>3</depth>
	</size>
	<segmented>0</segmented>
	<object>
		<name>horse</name>
		<pose>Unspecified</pose>
		<truncated>0</truncated>
		<difficult>0</difficult>
		<bndbox>
			<xmin>91</xmin>
			<ymin>468</ymin>
			<xmax>413</xmax>
			<ymax>832</ymax>
		</bndbox>
	</object>
</annotation>
