<annotation>
	<folder>JPEGImages</folder>
	<filename>b28.jpg</filename>
	<path>/home/limei/桌面/copy/JPEGImages/b28.jpg</path>
	<source>
		<database>Unknown</database>
	</source>
	<size>
		<width>440</width>
		<height>440</height>
		<depth>3</depth>
	</size>
	<segmented>0</segmented>
	<object>
		<name>horse</name>
		<pose>Unspecified</pose>
		<truncated>0</truncated>
		<difficult>0</difficult>
		<bndbox>
			<xmin>7</xmin>
			<ymin>74</ymin>
			<xmax>222</xmax>
			<ymax>437</ymax>
		</bndbox>
	</object>
	<object>
		<name>horse</name>
		<pose>Unspecified</pose>
		<truncated>1</truncated>
		<difficult>0</difficult>
		<bndbox>
			<xmin>236</xmin>
			<ymin>61</ymin>
			<xmax>417</xmax>
			<ymax>440</ymax>
		</bndbox>
	</object>
</annotation>
