<annotation>
	<folder>JPEGImages</folder>
	<filename>b29.jpg</filename>
	<path>/home/limei/桌面/copy/JPEGImages/b29.jpg</path>
	<source>
		<database>Unknown</database>
	</source>
	<size>
		<width>677</width>
		<height>900</height>
		<depth>3</depth>
	</size>
	<segmented>0</segmented>
	<object>
		<name>horse</name>
		<pose>Unspecified</pose>
		<truncated>1</truncated>
		<difficult>0</difficult>
		<bndbox>
			<xmin>144</xmin>
			<ymin>211</ymin>
			<xmax>677</xmax>
			<ymax>900</ymax>
		</bndbox>
	</object>
</annotation>
