<annotation>
	<folder>JPEGImages</folder>
	<filename>b3.jpeg</filename>
	<path>/home/limei/桌面/copy/JPEGImages/b3.jpeg</path>
	<source>
		<database>Unknown</database>
	</source>
	<size>
		<width>680</width>
		<height>680</height>
		<depth>3</depth>
	</size>
	<segmented>0</segmented>
	<object>
		<name>horse</name>
		<pose>Unspecified</pose>
		<truncated>0</truncated>
		<difficult>0</difficult>
		<bndbox>
			<xmin>182</xmin>
			<ymin>58</ymin>
			<xmax>610</xmax>
			<ymax>567</ymax>
		</bndbox>
	</object>
</annotation>
