<annotation>
	<folder>JPEGImages</folder>
	<filename>b30.jpg</filename>
	<path>/home/limei/桌面/copy/JPEGImages/b30.jpg</path>
	<source>
		<database>Unknown</database>
	</source>
	<size>
		<width>1300</width>
		<height>957</height>
		<depth>3</depth>
	</size>
	<segmented>0</segmented>
	<object>
		<name>horse</name>
		<pose>Unspecified</pose>
		<truncated>0</truncated>
		<difficult>0</difficult>
		<bndbox>
			<xmin>349</xmin>
			<ymin>295</ymin>
			<xmax>802</xmax>
			<ymax>747</ymax>
		</bndbox>
	</object>
	<object>
		<name>horse</name>
		<pose>Unspecified</pose>
		<truncated>0</truncated>
		<difficult>0</difficult>
		<bndbox>
			<xmin>698</xmin>
			<ymin>328</ymin>
			<xmax>1042</xmax>
			<ymax>724</ymax>
		</bndbox>
	</object>
</annotation>
