<annotation>
	<folder>JPEGImages</folder>
	<filename>b31.jpg</filename>
	<path>/home/limei/桌面/copy/JPEGImages/b31.jpg</path>
	<source>
		<database>Unknown</database>
	</source>
	<size>
		<width>1300</width>
		<height>957</height>
		<depth>3</depth>
	</size>
	<segmented>0</segmented>
	<object>
		<name>horse</name>
		<pose>Unspecified</pose>
		<truncated>0</truncated>
		<difficult>0</difficult>
		<bndbox>
			<xmin>19</xmin>
			<ymin>123</ymin>
			<xmax>933</xmax>
			<ymax>755</ymax>
		</bndbox>
	</object>
</annotation>
