<annotation>
	<folder>JPEGImages</folder>
	<filename>b32.jpeg</filename>
	<path>/home/limei/桌面/copy/JPEGImages/b32.jpeg</path>
	<source>
		<database>Unknown</database>
	</source>
	<size>
		<width>800</width>
		<height>533</height>
		<depth>3</depth>
	</size>
	<segmented>0</segmented>
	<object>
		<name>horse</name>
		<pose>Unspecified</pose>
		<truncated>0</truncated>
		<difficult>0</difficult>
		<bndbox>
			<xmin>288</xmin>
			<ymin>172</ymin>
			<xmax>670</xmax>
			<ymax>461</ymax>
		</bndbox>
	</object>
	<object>
		<name>horse</name>
		<pose>Unspecified</pose>
		<truncated>0</truncated>
		<difficult>0</difficult>
		<bndbox>
			<xmin>89</xmin>
			<ymin>127</ymin>
			<xmax>329</xmax>
			<ymax>406</ymax>
		</bndbox>
	</object>
</annotation>
