<annotation>
	<folder>JPEGImages</folder>
	<filename>b33.jpeg</filename>
	<path>/home/limei/桌面/copy/JPEGImages/b33.jpeg</path>
	<source>
		<database>Unknown</database>
	</source>
	<size>
		<width>800</width>
		<height>534</height>
		<depth>3</depth>
	</size>
	<segmented>0</segmented>
	<object>
		<name>horse</name>
		<pose>Unspecified</pose>
		<truncated>1</truncated>
		<difficult>0</difficult>
		<bndbox>
			<xmin>202</xmin>
			<ymin>165</ymin>
			<xmax>768</xmax>
			<ymax>534</ymax>
		</bndbox>
	</object>
</annotation>
