<annotation>
	<folder>JPEGImages</folder>
	<filename>b34.jpeg</filename>
	<path>/home/limei/桌面/copy/JPEGImages/b34.jpeg</path>
	<source>
		<database>Unknown</database>
	</source>
	<size>
		<width>1300</width>
		<height>1103</height>
		<depth>3</depth>
	</size>
	<segmented>0</segmented>
	<object>
		<name>horse</name>
		<pose>Unspecified</pose>
		<truncated>0</truncated>
		<difficult>0</difficult>
		<bndbox>
			<xmin>47</xmin>
			<ymin>144</ymin>
			<xmax>1017</xmax>
			<ymax>968</ymax>
		</bndbox>
	</object>
</annotation>
