<annotation>
	<folder>JPEGImages</folder>
	<filename>b35.jpeg</filename>
	<path>/home/limei/桌面/copy/JPEGImages/b35.jpeg</path>
	<source>
		<database>Unknown</database>
	</source>
	<size>
		<width>800</width>
		<height>533</height>
		<depth>3</depth>
	</size>
	<segmented>0</segmented>
	<object>
		<name>horse</name>
		<pose>Unspecified</pose>
		<truncated>0</truncated>
		<difficult>0</difficult>
		<bndbox>
			<xmin>450</xmin>
			<ymin>162</ymin>
			<xmax>730</xmax>
			<ymax>385</ymax>
		</bndbox>
	</object>
	<object>
		<name>horse</name>
		<pose>Unspecified</pose>
		<truncated>0</truncated>
		<difficult>0</difficult>
		<bndbox>
			<xmin>213</xmin>
			<ymin>92</ymin>
			<xmax>437</xmax>
			<ymax>333</ymax>
		</bndbox>
	</object>
	<object>
		<name>horse</name>
		<pose>Unspecified</pose>
		<truncated>0</truncated>
		<difficult>0</difficult>
		<bndbox>
			<xmin>293</xmin>
			<ymin>189</ymin>
			<xmax>529</xmax>
			<ymax>380</ymax>
		</bndbox>
	</object>
</annotation>
