<annotation>
	<folder>JPEGImages</folder>
	<filename>b36.jpg</filename>
	<path>/home/limei/桌面/copy/JPEGImages/b36.jpg</path>
	<source>
		<database>Unknown</database>
	</source>
	<size>
		<width>800</width>
		<height>531</height>
		<depth>3</depth>
	</size>
	<segmented>0</segmented>
	<object>
		<name>horse</name>
		<pose>Unspecified</pose>
		<truncated>0</truncated>
		<difficult>0</difficult>
		<bndbox>
			<xmin>245</xmin>
			<ymin>79</ymin>
			<xmax>676</xmax>
			<ymax>386</ymax>
		</bndbox>
	</object>
</annotation>
