<annotation>
	<folder>JPEGImages</folder>
	<filename>b37.jpeg</filename>
	<path>/home/limei/桌面/copy/JPEGImages/b37.jpeg</path>
	<source>
		<database>Unknown</database>
	</source>
	<size>
		<width>720</width>
		<height>900</height>
		<depth>3</depth>
	</size>
	<segmented>0</segmented>
	<object>
		<name>horse</name>
		<pose>Unspecified</pose>
		<truncated>1</truncated>
		<difficult>0</difficult>
		<bndbox>
			<xmin>210</xmin>
			<ymin>80</ymin>
			<xmax>670</xmax>
			<ymax>900</ymax>
		</bndbox>
	</object>
</annotation>
