<annotation>
	<folder>JPEGImages</folder>
	<filename>b38.jpeg</filename>
	<path>/home/limei/桌面/copy/JPEGImages/b38.jpeg</path>
	<source>
		<database>Unknown</database>
	</source>
	<size>
		<width>1023</width>
		<height>682</height>
		<depth>3</depth>
	</size>
	<segmented>0</segmented>
	<object>
		<name>horse</name>
		<pose>Unspecified</pose>
		<truncated>1</truncated>
		<difficult>0</difficult>
		<bndbox>
			<xmin>14</xmin>
			<ymin>232</ymin>
			<xmax>570</xmax>
			<ymax>682</ymax>
		</bndbox>
	</object>
	<object>
		<name>horse</name>
		<pose>Unspecified</pose>
		<truncated>1</truncated>
		<difficult>0</difficult>
		<bndbox>
			<xmin>572</xmin>
			<ymin>192</ymin>
			<xmax>1023</xmax>
			<ymax>682</ymax>
		</bndbox>
	</object>
</annotation>
