<annotation>
	<folder>JPEGImages</folder>
	<filename>b39.jpeg</filename>
	<path>/home/limei/桌面/copy/JPEGImages/b39.jpeg</path>
	<source>
		<database>Unknown</database>
	</source>
	<size>
		<width>429</width>
		<height>604</height>
		<depth>3</depth>
	</size>
	<segmented>0</segmented>
	<object>
		<name>horse</name>
		<pose>Unspecified</pose>
		<truncated>0</truncated>
		<difficult>0</difficult>
		<bndbox>
			<xmin>86</xmin>
			<ymin>42</ymin>
			<xmax>363</xmax>
			<ymax>556</ymax>
		</bndbox>
	</object>
</annotation>
