<annotation>
	<folder>JPEGImages</folder>
	<filename>b4.jpg</filename>
	<path>/home/limei/桌面/copy/JPEGImages/b4.jpg</path>
	<source>
		<database>Unknown</database>
	</source>
	<size>
		<width>800</width>
		<height>495</height>
		<depth>3</depth>
	</size>
	<segmented>0</segmented>
	<object>
		<name>horse</name>
		<pose>Unspecified</pose>
		<truncated>0</truncated>
		<difficult>0</difficult>
		<bndbox>
			<xmin>75</xmin>
			<ymin>94</ymin>
			<xmax>413</xmax>
			<ymax>433</ymax>
		</bndbox>
	</object>
	<object>
		<name>horse</name>
		<pose>Unspecified</pose>
		<truncated>0</truncated>
		<difficult>0</difficult>
		<bndbox>
			<xmin>263</xmin>
			<ymin>71</ymin>
			<xmax>547</xmax>
			<ymax>435</ymax>
		</bndbox>
	</object>
	<object>
		<name>horse</name>
		<pose>Unspecified</pose>
		<truncated>0</truncated>
		<difficult>0</difficult>
		<bndbox>
			<xmin>526</xmin>
			<ymin>124</ymin>
			<xmax>694</xmax>
			<ymax>412</ymax>
		</bndbox>
	</object>
</annotation>
