<annotation>
	<folder>JPEGImages</folder>
	<filename>b40.jpg</filename>
	<path>/home/limei/桌面/copy/JPEGImages/b40.jpg</path>
	<source>
		<database>Unknown</database>
	</source>
	<size>
		<width>1600</width>
		<height>1155</height>
		<depth>3</depth>
	</size>
	<segmented>0</segmented>
	<object>
		<name>horse</name>
		<pose>Unspecified</pose>
		<truncated>0</truncated>
		<difficult>0</difficult>
		<bndbox>
			<xmin>373</xmin>
			<ymin>113</ymin>
			<xmax>1374</xmax>
			<ymax>1020</ymax>
		</bndbox>
	</object>
</annotation>
