<annotation>
	<folder>JPEGImages</folder>
	<filename>b41.jpg</filename>
	<path>/home/limei/桌面/copy/JPEGImages/b41.jpg</path>
	<source>
		<database>Unknown</database>
	</source>
	<size>
		<width>976</width>
		<height>1300</height>
		<depth>3</depth>
	</size>
	<segmented>0</segmented>
	<object>
		<name>horse</name>
		<pose>Unspecified</pose>
		<truncated>1</truncated>
		<difficult>0</difficult>
		<bndbox>
			<xmin>8</xmin>
			<ymin>139</ymin>
			<xmax>726</xmax>
			<ymax>1300</ymax>
		</bndbox>
	</object>
</annotation>
