<annotation>
	<folder>JPEGImages</folder>
	<filename>b42.jpg</filename>
	<path>/home/limei/桌面/copy/JPEGImages/b42.jpg</path>
	<source>
		<database>Unknown</database>
	</source>
	<size>
		<width>1300</width>
		<height>957</height>
		<depth>3</depth>
	</size>
	<segmented>0</segmented>
	<object>
		<name>horse</name>
		<pose>Unspecified</pose>
		<truncated>1</truncated>
		<difficult>0</difficult>
		<bndbox>
			<xmin>133</xmin>
			<ymin>1</ymin>
			<xmax>512</xmax>
			<ymax>628</ymax>
		</bndbox>
	</object>
</annotation>
