<annotation>
	<folder>JPEGImages</folder>
	<filename>b44.jpg</filename>
	<path>/home/limei/桌面/copy/JPEGImages/b44.jpg</path>
	<source>
		<database>Unknown</database>
	</source>
	<size>
		<width>800</width>
		<height>551</height>
		<depth>3</depth>
	</size>
	<segmented>0</segmented>
	<object>
		<name>horse</name>
		<pose>Unspecified</pose>
		<truncated>0</truncated>
		<difficult>0</difficult>
		<bndbox>
			<xmin>230</xmin>
			<ymin>31</ymin>
			<xmax>583</xmax>
			<ymax>492</ymax>
		</bndbox>
	</object>
</annotation>
