<annotation>
	<folder>JPEGImages</folder>
	<filename>b46.jpg</filename>
	<path>/home/limei/桌面/copy/JPEGImages/b46.jpg</path>
	<source>
		<database>Unknown</database>
	</source>
	<size>
		<width>300</width>
		<height>187</height>
		<depth>3</depth>
	</size>
	<segmented>0</segmented>
	<object>
		<name>horse</name>
		<pose>Unspecified</pose>
		<truncated>1</truncated>
		<difficult>0</difficult>
		<bndbox>
			<xmin>59</xmin>
			<ymin>67</ymin>
			<xmax>221</xmax>
			<ymax>187</ymax>
		</bndbox>
	</object>
	<object>
		<name>horse</name>
		<pose>Unspecified</pose>
		<truncated>0</truncated>
		<difficult>0</difficult>
		<bndbox>
			<xmin>24</xmin>
			<ymin>20</ymin>
			<xmax>284</xmax>
			<ymax>103</ymax>
		</bndbox>
	</object>
</annotation>
