<annotation>
	<folder>JPEGImages</folder>
	<filename>b47.jpg</filename>
	<path>/home/limei/桌面/copy/JPEGImages/b47.jpg</path>
	<source>
		<database>Unknown</database>
	</source>
	<size>
		<width>635</width>
		<height>440</height>
		<depth>3</depth>
	</size>
	<segmented>0</segmented>
	<object>
		<name>horse</name>
		<pose>Unspecified</pose>
		<truncated>1</truncated>
		<difficult>0</difficult>
		<bndbox>
			<xmin>291</xmin>
			<ymin>83</ymin>
			<xmax>635</xmax>
			<ymax>308</ymax>
		</bndbox>
	</object>
</annotation>
