<annotation>
	<folder>JPEGImages</folder>
	<filename>b49.jpeg</filename>
	<path>/home/limei/桌面/copy/JPEGImages/b49.jpeg</path>
	<source>
		<database>Unknown</database>
	</source>
	<size>
		<width>1300</width>
		<height>957</height>
		<depth>3</depth>
	</size>
	<segmented>0</segmented>
	<object>
		<name>horse</name>
		<pose>Unspecified</pose>
		<truncated>0</truncated>
		<difficult>0</difficult>
		<bndbox>
			<xmin>104</xmin>
			<ymin>406</ymin>
			<xmax>548</xmax>
			<ymax>718</ymax>
		</bndbox>
	</object>
	<object>
		<name>horse</name>
		<pose>Unspecified</pose>
		<truncated>0</truncated>
		<difficult>0</difficult>
		<bndbox>
			<xmin>697</xmin>
			<ymin>366</ymin>
			<xmax>1133</xmax>
			<ymax>710</ymax>
		</bndbox>
	</object>
	<object>
		<name>horse</name>
		<pose>Unspecified</pose>
		<truncated>0</truncated>
		<difficult>0</difficult>
		<bndbox>
			<xmin>631</xmin>
			<ymin>344</ymin>
			<xmax>738</xmax>
			<ymax>735</ymax>
		</bndbox>
	</object>
</annotation>
