<annotation>
	<folder>JPEGImages</folder>
	<filename>b50.jpeg</filename>
	<path>/home/limei/桌面/copy/JPEGImages/b50.jpeg</path>
	<source>
		<database>Unknown</database>
	</source>
	<size>
		<width>1300</width>
		<height>954</height>
		<depth>3</depth>
	</size>
	<segmented>0</segmented>
	<object>
		<name>horse</name>
		<pose>Unspecified</pose>
		<truncated>0</truncated>
		<difficult>0</difficult>
		<bndbox>
			<xmin>329</xmin>
			<ymin>160</ymin>
			<xmax>1294</xmax>
			<ymax>853</ymax>
		</bndbox>
	</object>
</annotation>
