<annotation>
	<folder>JPEGImages</folder>
	<filename>b54.jpg</filename>
	<path>/home/limei/桌面/copy/JPEGImages/b54.jpg</path>
	<source>
		<database>Unknown</database>
	</source>
	<size>
		<width>246</width>
		<height>160</height>
		<depth>3</depth>
	</size>
	<segmented>0</segmented>
	<object>
		<name>horse</name>
		<pose>Unspecified</pose>
		<truncated>0</truncated>
		<difficult>0</difficult>
		<bndbox>
			<xmin>63</xmin>
			<ymin>33</ymin>
			<xmax>178</xmax>
			<ymax>121</ymax>
		</bndbox>
	</object>
</annotation>
