<annotation>
	<folder>JPEGImages</folder>
	<filename>b55.jpeg</filename>
	<path>/home/limei/桌面/copy/JPEGImages/b55.jpeg</path>
	<source>
		<database>Unknown</database>
	</source>
	<size>
		<width>350</width>
		<height>263</height>
		<depth>3</depth>
	</size>
	<segmented>0</segmented>
	<object>
		<name>horse</name>
		<pose>Unspecified</pose>
		<truncated>0</truncated>
		<difficult>0</difficult>
		<bndbox>
			<xmin>52</xmin>
			<ymin>32</ymin>
			<xmax>274</xmax>
			<ymax>221</ymax>
		</bndbox>
	</object>
</annotation>
