<annotation>
	<folder>JPEGImages</folder>
	<filename>b58.jpeg</filename>
	<path>/home/limei/桌面/copy/JPEGImages/b58.jpeg</path>
	<source>
		<database>Unknown</database>
	</source>
	<size>
		<width>1024</width>
		<height>715</height>
		<depth>3</depth>
	</size>
	<segmented>0</segmented>
	<object>
		<name>horse</name>
		<pose>Unspecified</pose>
		<truncated>0</truncated>
		<difficult>0</difficult>
		<bndbox>
			<xmin>246</xmin>
			<ymin>94</ymin>
			<xmax>681</xmax>
			<ymax>614</ymax>
		</bndbox>
	</object>
</annotation>
