<annotation>
	<folder>JPEGImages</folder>
	<filename>b6.jpeg</filename>
	<path>/home/limei/桌面/copy/JPEGImages/b6.jpeg</path>
	<source>
		<database>Unknown</database>
	</source>
	<size>
		<width>1023</width>
		<height>682</height>
		<depth>3</depth>
	</size>
	<segmented>0</segmented>
	<object>
		<name>horse</name>
		<pose>Unspecified</pose>
		<truncated>0</truncated>
		<difficult>0</difficult>
		<bndbox>
			<xmin>38</xmin>
			<ymin>168</ymin>
			<xmax>640</xmax>
			<ymax>534</ymax>
		</bndbox>
	</object>
	<object>
		<name>horse</name>
		<pose>Unspecified</pose>
		<truncated>0</truncated>
		<difficult>0</difficult>
		<bndbox>
			<xmin>410</xmin>
			<ymin>223</ymin>
			<xmax>868</xmax>
			<ymax>506</ymax>
		</bndbox>
	</object>
</annotation>
