<annotation>
	<folder>JPEGImages</folder>
	<filename>b61.jpeg</filename>
	<path>/home/limei/桌面/copy/JPEGImages/b61.jpeg</path>
	<source>
		<database>Unknown</database>
	</source>
	<size>
		<width>600</width>
		<height>900</height>
		<depth>3</depth>
	</size>
	<segmented>0</segmented>
	<object>
		<name>horse</name>
		<pose>Unspecified</pose>
		<truncated>0</truncated>
		<difficult>0</difficult>
		<bndbox>
			<xmin>168</xmin>
			<ymin>20</ymin>
			<xmax>481</xmax>
			<ymax>756</ymax>
		</bndbox>
	</object>
</annotation>
