<annotation>
	<folder>JPEGImages</folder>
	<filename>b64.jpeg</filename>
	<path>/home/limei/桌面/copy/JPEGImages/b64.jpeg</path>
	<source>
		<database>Unknown</database>
	</source>
	<size>
		<width>1080</width>
		<height>720</height>
		<depth>3</depth>
	</size>
	<segmented>0</segmented>
	<object>
		<name>horse</name>
		<pose>Unspecified</pose>
		<truncated>0</truncated>
		<difficult>0</difficult>
		<bndbox>
			<xmin>4</xmin>
			<ymin>32</ymin>
			<xmax>932</xmax>
			<ymax>698</ymax>
		</bndbox>
	</object>
</annotation>
