<annotation>
	<folder>JPEGImages</folder>
	<filename>b66.jpeg</filename>
	<path>/home/limei/桌面/copy/JPEGImages/b66.jpeg</path>
	<source>
		<database>Unknown</database>
	</source>
	<size>
		<width>1080</width>
		<height>720</height>
		<depth>3</depth>
	</size>
	<segmented>0</segmented>
	<object>
		<name>horse</name>
		<pose>Unspecified</pose>
		<truncated>0</truncated>
		<difficult>0</difficult>
		<bndbox>
			<xmin>456</xmin>
			<ymin>194</ymin>
			<xmax>742</xmax>
			<ymax>664</ymax>
		</bndbox>
	</object>
</annotation>
