<annotation>
	<folder>JPEGImages</folder>
	<filename>b69.jpeg</filename>
	<path>/home/limei/桌面/copy/JPEGImages/b69.jpeg</path>
	<source>
		<database>Unknown</database>
	</source>
	<size>
		<width>1080</width>
		<height>720</height>
		<depth>3</depth>
	</size>
	<segmented>0</segmented>
	<object>
		<name>horse</name>
		<pose>Unspecified</pose>
		<truncated>0</truncated>
		<difficult>0</difficult>
		<bndbox>
			<xmin>324</xmin>
			<ymin>123</ymin>
			<xmax>673</xmax>
			<ymax>657</ymax>
		</bndbox>
	</object>
</annotation>
