<annotation>
	<folder>JPEGImages</folder>
	<filename>b71.jpeg</filename>
	<path>/home/limei/桌面/copy/JPEGImages/b71.jpeg</path>
	<source>
		<database>Unknown</database>
	</source>
	<size>
		<width>1080</width>
		<height>720</height>
		<depth>3</depth>
	</size>
	<segmented>0</segmented>
	<object>
		<name>horse</name>
		<pose>Unspecified</pose>
		<truncated>0</truncated>
		<difficult>0</difficult>
		<bndbox>
			<xmin>337</xmin>
			<ymin>71</ymin>
			<xmax>944</xmax>
			<ymax>714</ymax>
		</bndbox>
	</object>
</annotation>
