<annotation>
	<folder>JPEGImages</folder>
	<filename>b74.jpeg</filename>
	<path>/home/limei/桌面/copy/JPEGImages/b74.jpeg</path>
	<source>
		<database>Unknown</database>
	</source>
	<size>
		<width>970</width>
		<height>1455</height>
		<depth>3</depth>
	</size>
	<segmented>0</segmented>
	<object>
		<name>horse</name>
		<pose>Unspecified</pose>
		<truncated>0</truncated>
		<difficult>0</difficult>
		<bndbox>
			<xmin>191</xmin>
			<ymin>182</ymin>
			<xmax>737</xmax>
			<ymax>1165</ymax>
		</bndbox>
	</object>
</annotation>
