<annotation>
	<folder>JPEGImages</folder>
	<filename>b75.jpeg</filename>
	<path>/home/limei/桌面/copy/JPEGImages/b75.jpeg</path>
	<source>
		<database>Unknown</database>
	</source>
	<size>
		<width>1000</width>
		<height>899</height>
		<depth>3</depth>
	</size>
	<segmented>0</segmented>
	<object>
		<name>horse</name>
		<pose>Unspecified</pose>
		<truncated>0</truncated>
		<difficult>0</difficult>
		<bndbox>
			<xmin>178</xmin>
			<ymin>88</ymin>
			<xmax>903</xmax>
			<ymax>641</ymax>
		</bndbox>
	</object>
</annotation>
