<annotation>
	<folder>JPEGImages</folder>
	<filename>b77.jpeg</filename>
	<path>/home/limei/桌面/copy/JPEGImages/b77.jpeg</path>
	<source>
		<database>Unknown</database>
	</source>
	<size>
		<width>650</width>
		<height>974</height>
		<depth>3</depth>
	</size>
	<segmented>0</segmented>
	<object>
		<name>horse</name>
		<pose>Unspecified</pose>
		<truncated>0</truncated>
		<difficult>0</difficult>
		<bndbox>
			<xmin>156</xmin>
			<ymin>146</ymin>
			<xmax>549</xmax>
			<ymax>904</ymax>
		</bndbox>
	</object>
</annotation>
