<annotation>
	<folder>JPEGImages</folder>
	<filename>b78.jpeg</filename>
	<path>/home/limei/桌面/copy/JPEGImages/b78.jpeg</path>
	<source>
		<database>Unknown</database>
	</source>
	<size>
		<width>800</width>
		<height>600</height>
		<depth>3</depth>
	</size>
	<segmented>0</segmented>
	<object>
		<name>horse</name>
		<pose>Unspecified</pose>
		<truncated>0</truncated>
		<difficult>0</difficult>
		<bndbox>
			<xmin>222</xmin>
			<ymin>64</ymin>
			<xmax>622</xmax>
			<ymax>538</ymax>
		</bndbox>
	</object>
</annotation>
