<annotation>
	<folder>JPEGImages</folder>
	<filename>b79.jpg</filename>
	<path>/home/limei/桌面/copy/JPEGImages/b79.jpg</path>
	<source>
		<database>Unknown</database>
	</source>
	<size>
		<width>692</width>
		<height>546</height>
		<depth>3</depth>
	</size>
	<segmented>0</segmented>
	<object>
		<name>horse</name>
		<pose>Unspecified</pose>
		<truncated>0</truncated>
		<difficult>0</difficult>
		<bndbox>
			<xmin>243</xmin>
			<ymin>91</ymin>
			<xmax>594</xmax>
			<ymax>491</ymax>
		</bndbox>
	</object>
</annotation>
