<annotation>
	<folder>JPEGImages</folder>
	<filename>b8.jpg</filename>
	<path>/home/limei/桌面/copy/JPEGImages/b8.jpg</path>
	<source>
		<database>Unknown</database>
	</source>
	<size>
		<width>800</width>
		<height>533</height>
		<depth>3</depth>
	</size>
	<segmented>0</segmented>
	<object>
		<name>horse</name>
		<pose>Unspecified</pose>
		<truncated>0</truncated>
		<difficult>0</difficult>
		<bndbox>
			<xmin>241</xmin>
			<ymin>126</ymin>
			<xmax>666</xmax>
			<ymax>425</ymax>
		</bndbox>
	</object>
</annotation>
