<annotation>
	<folder>JPEGImages</folder>
	<filename>b80.jpeg</filename>
	<path>/home/limei/桌面/copy/JPEGImages/b80.jpeg</path>
	<source>
		<database>Unknown</database>
	</source>
	<size>
		<width>1024</width>
		<height>682</height>
		<depth>3</depth>
	</size>
	<segmented>0</segmented>
	<object>
		<name>horse</name>
		<pose>Unspecified</pose>
		<truncated>0</truncated>
		<difficult>0</difficult>
		<bndbox>
			<xmin>73</xmin>
			<ymin>147</ymin>
			<xmax>629</xmax>
			<ymax>569</ymax>
		</bndbox>
	</object>
</annotation>
