<annotation>
	<folder>JPEGImages</folder>
	<filename>b82.jpeg</filename>
	<path>/home/limei/桌面/copy/JPEGImages/b82.jpeg</path>
	<source>
		<database>Unknown</database>
	</source>
	<size>
		<width>970</width>
		<height>978</height>
		<depth>3</depth>
	</size>
	<segmented>0</segmented>
	<object>
		<name>horse</name>
		<pose>Unspecified</pose>
		<truncated>0</truncated>
		<difficult>0</difficult>
		<bndbox>
			<xmin>84</xmin>
			<ymin>214</ymin>
			<xmax>777</xmax>
			<ymax>688</ymax>
		</bndbox>
	</object>
</annotation>
