<annotation>
	<folder>JPEGImages</folder>
	<filename>b83.jpeg</filename>
	<path>/home/limei/桌面/copy/JPEGImages/b83.jpeg</path>
	<source>
		<database>Unknown</database>
	</source>
	<size>
		<width>970</width>
		<height>702</height>
		<depth>3</depth>
	</size>
	<segmented>0</segmented>
	<object>
		<name>horse</name>
		<pose>Unspecified</pose>
		<truncated>0</truncated>
		<difficult>0</difficult>
		<bndbox>
			<xmin>144</xmin>
			<ymin>266</ymin>
			<xmax>268</xmax>
			<ymax>566</ymax>
		</bndbox>
	</object>
	<object>
		<name>horse</name>
		<pose>Unspecified</pose>
		<truncated>0</truncated>
		<difficult>0</difficult>
		<bndbox>
			<xmin>295</xmin>
			<ymin>45</ymin>
			<xmax>563</xmax>
			<ymax>644</ymax>
		</bndbox>
	</object>
	<object>
		<name>horse</name>
		<pose>Unspecified</pose>
		<truncated>0</truncated>
		<difficult>0</difficult>
		<bndbox>
			<xmin>569</xmin>
			<ymin>293</ymin>
			<xmax>888</xmax>
			<ymax>678</ymax>
		</bndbox>
	</object>
</annotation>
