<annotation>
	<folder>JPEGImages</folder>
	<filename>b84.jpg</filename>
	<path>/home/limei/桌面/copy/JPEGImages/b84.jpg</path>
	<source>
		<database>Unknown</database>
	</source>
	<size>
		<width>1024</width>
		<height>733</height>
		<depth>3</depth>
	</size>
	<segmented>0</segmented>
	<object>
		<name>horse</name>
		<pose>Unspecified</pose>
		<truncated>0</truncated>
		<difficult>0</difficult>
		<bndbox>
			<xmin>234</xmin>
			<ymin>151</ymin>
			<xmax>659</xmax>
			<ymax>642</ymax>
		</bndbox>
	</object>
</annotation>
