<annotation>
	<folder>JPEGImages</folder>
	<filename>b85.jpg</filename>
	<path>/home/limei/桌面/copy/JPEGImages/b85.jpg</path>
	<source>
		<database>Unknown</database>
	</source>
	<size>
		<width>650</width>
		<height>560</height>
		<depth>3</depth>
	</size>
	<segmented>0</segmented>
	<object>
		<name>horse</name>
		<pose>Unspecified</pose>
		<truncated>0</truncated>
		<difficult>0</difficult>
		<bndbox>
			<xmin>66</xmin>
			<ymin>10</ymin>
			<xmax>628</xmax>
			<ymax>559</ymax>
		</bndbox>
	</object>
</annotation>
