<annotation>
	<folder>JPEGImages</folder>
	<filename>b86.jpg</filename>
	<path>/home/limei/桌面/copy/JPEGImages/b86.jpg</path>
	<source>
		<database>Unknown</database>
	</source>
	<size>
		<width>820</width>
		<height>599</height>
		<depth>3</depth>
	</size>
	<segmented>0</segmented>
	<object>
		<name>horse</name>
		<pose>Unspecified</pose>
		<truncated>1</truncated>
		<difficult>0</difficult>
		<bndbox>
			<xmin>62</xmin>
			<ymin>16</ymin>
			<xmax>678</xmax>
			<ymax>599</ymax>
		</bndbox>
	</object>
</annotation>
