<annotation>
	<folder>JPEGImages</folder>
	<filename>b89.jpeg</filename>
	<path>/home/limei/桌面/copy/JPEGImages/b89.jpeg</path>
	<source>
		<database>Unknown</database>
	</source>
	<size>
		<width>474</width>
		<height>632</height>
		<depth>3</depth>
	</size>
	<segmented>0</segmented>
	<object>
		<name>horse</name>
		<pose>Unspecified</pose>
		<truncated>1</truncated>
		<difficult>0</difficult>
		<bndbox>
			<xmin>116</xmin>
			<ymin>62</ymin>
			<xmax>431</xmax>
			<ymax>632</ymax>
		</bndbox>
	</object>
</annotation>
