<annotation>
	<folder>JPEGImages</folder>
	<filename>b9.jpg</filename>
	<path>/home/limei/桌面/copy/JPEGImages/b9.jpg</path>
	<source>
		<database>Unknown</database>
	</source>
	<size>
		<width>800</width>
		<height>533</height>
		<depth>3</depth>
	</size>
	<segmented>0</segmented>
	<object>
		<name>horse</name>
		<pose>Unspecified</pose>
		<truncated>0</truncated>
		<difficult>0</difficult>
		<bndbox>
			<xmin>214</xmin>
			<ymin>53</ymin>
			<xmax>564</xmax>
			<ymax>476</ymax>
		</bndbox>
	</object>
</annotation>
