<annotation>
	<folder>JPEGImages</folder>
	<filename>b90.jpg</filename>
	<path>/home/limei/桌面/copy/JPEGImages/b90.jpg</path>
	<source>
		<database>Unknown</database>
	</source>
	<size>
		<width>1680</width>
		<height>1120</height>
		<depth>3</depth>
	</size>
	<segmented>0</segmented>
	<object>
		<name>horse</name>
		<pose>Unspecified</pose>
		<truncated>1</truncated>
		<difficult>0</difficult>
		<bndbox>
			<xmin>710</xmin>
			<ymin>145</ymin>
			<xmax>1680</xmax>
			<ymax>1113</ymax>
		</bndbox>
	</object>
</annotation>
