<annotation>
	<folder>JPEGImages</folder>
	<filename>b94.jpeg</filename>
	<path>/home/limei/桌面/copy/JPEGImages/b94.jpeg</path>
	<source>
		<database>Unknown</database>
	</source>
	<size>
		<width>1024</width>
		<height>768</height>
		<depth>3</depth>
	</size>
	<segmented>0</segmented>
	<object>
		<name>horse</name>
		<pose>Unspecified</pose>
		<truncated>0</truncated>
		<difficult>0</difficult>
		<bndbox>
			<xmin>195</xmin>
			<ymin>132</ymin>
			<xmax>594</xmax>
			<ymax>542</ymax>
		</bndbox>
	</object>
	<object>
		<name>horse</name>
		<pose>Unspecified</pose>
		<truncated>0</truncated>
		<difficult>0</difficult>
		<bndbox>
			<xmin>555</xmin>
			<ymin>222</ymin>
			<xmax>914</xmax>
			<ymax>531</ymax>
		</bndbox>
	</object>
</annotation>
