<annotation>
	<folder>JPEGImages</folder>
	<filename>b95.jpeg</filename>
	<path>/home/limei/桌面/copy/JPEGImages/b95.jpeg</path>
	<source>
		<database>Unknown</database>
	</source>
	<size>
		<width>970</width>
		<height>708</height>
		<depth>3</depth>
	</size>
	<segmented>0</segmented>
	<object>
		<name>horse</name>
		<pose>Unspecified</pose>
		<truncated>0</truncated>
		<difficult>0</difficult>
		<bndbox>
			<xmin>470</xmin>
			<ymin>141</ymin>
			<xmax>835</xmax>
			<ymax>574</ymax>
		</bndbox>
	</object>
	<object>
		<name>horse</name>
		<pose>Unspecified</pose>
		<truncated>0</truncated>
		<difficult>0</difficult>
		<bndbox>
			<xmin>271</xmin>
			<ymin>144</ymin>
			<xmax>463</xmax>
			<ymax>597</ymax>
		</bndbox>
	</object>
	<object>
		<name>horse</name>
		<pose>Unspecified</pose>
		<truncated>0</truncated>
		<difficult>0</difficult>
		<bndbox>
			<xmin>127</xmin>
			<ymin>157</ymin>
			<xmax>270</xmax>
			<ymax>588</ymax>
		</bndbox>
	</object>
</annotation>
