<annotation>
	<folder>JPEGImages</folder>
	<filename>b96.jpeg</filename>
	<path>/home/limei/桌面/copy/JPEGImages/b96.jpeg</path>
	<source>
		<database>Unknown</database>
	</source>
	<size>
		<width>820</width>
		<height>1030</height>
		<depth>3</depth>
	</size>
	<segmented>0</segmented>
	<object>
		<name>horse</name>
		<pose>Unspecified</pose>
		<truncated>0</truncated>
		<difficult>0</difficult>
		<bndbox>
			<xmin>361</xmin>
			<ymin>271</ymin>
			<xmax>556</xmax>
			<ymax>835</ymax>
		</bndbox>
	</object>
	<object>
		<name>horse</name>
		<pose>Unspecified</pose>
		<truncated>0</truncated>
		<difficult>0</difficult>
		<bndbox>
			<xmin>232</xmin>
			<ymin>382</ymin>
			<xmax>352</xmax>
			<ymax>621</ymax>
		</bndbox>
	</object>
	<object>
		<name>horse</name>
		<pose>Unspecified</pose>
		<truncated>0</truncated>
		<difficult>0</difficult>
		<bndbox>
			<xmin>72</xmin>
			<ymin>425</ymin>
			<xmax>226</xmax>
			<ymax>702</ymax>
		</bndbox>
	</object>
	<object>
		<name>horse</name>
		<pose>Unspecified</pose>
		<truncated>0</truncated>
		<difficult>0</difficult>
		<bndbox>
			<xmin>563</xmin>
			<ymin>593</ymin>
			<xmax>777</xmax>
			<ymax>882</ymax>
		</bndbox>
	</object>
</annotation>
