<annotation>
	<folder>JPEGImages</folder>
	<filename>b97.jpg</filename>
	<path>/home/limei/桌面/copy/JPEGImages/b97.jpg</path>
	<source>
		<database>Unknown</database>
	</source>
	<size>
		<width>600</width>
		<height>412</height>
		<depth>3</depth>
	</size>
	<segmented>0</segmented>
	<object>
		<name>horse</name>
		<pose>Unspecified</pose>
		<truncated>0</truncated>
		<difficult>0</difficult>
		<bndbox>
			<xmin>83</xmin>
			<ymin>51</ymin>
			<xmax>562</xmax>
			<ymax>380</ymax>
		</bndbox>
	</object>
</annotation>
