<annotation>
	<folder>JPEGImages</folder>
	<filename>b98.jpeg</filename>
	<path>/home/limei/桌面/copy/JPEGImages/b98.jpeg</path>
	<source>
		<database>Unknown</database>
	</source>
	<size>
		<width>970</width>
		<height>647</height>
		<depth>3</depth>
	</size>
	<segmented>0</segmented>
	<object>
		<name>horse</name>
		<pose>Unspecified</pose>
		<truncated>0</truncated>
		<difficult>0</difficult>
		<bndbox>
			<xmin>152</xmin>
			<ymin>115</ymin>
			<xmax>681</xmax>
			<ymax>534</ymax>
		</bndbox>
	</object>
</annotation>
