<annotation>
	<folder>JPEGImages</folder>
	<filename>b99.jpg</filename>
	<path>/home/limei/桌面/copy/JPEGImages/b99.jpg</path>
	<source>
		<database>Unknown</database>
	</source>
	<size>
		<width>594</width>
		<height>433</height>
		<depth>3</depth>
	</size>
	<segmented>0</segmented>
	<object>
		<name>horse</name>
		<pose>Unspecified</pose>
		<truncated>0</truncated>
		<difficult>0</difficult>
		<bndbox>
			<xmin>72</xmin>
			<ymin>37</ymin>
			<xmax>513</xmax>
			<ymax>379</ymax>
		</bndbox>
	</object>
</annotation>
