<annotation>
	<folder>JPEGImages</folder>
	<filename>c1.jpeg</filename>
	<path>/home/limei/桌面/copy/JPEGImages/c1.jpeg</path>
	<source>
		<database>Unknown</database>
	</source>
	<size>
		<width>1600</width>
		<height>1600</height>
		<depth>3</depth>
	</size>
	<segmented>0</segmented>
	<object>
		<name>dog</name>
		<pose>Unspecified</pose>
		<truncated>0</truncated>
		<difficult>0</difficult>
		<bndbox>
			<xmin>593</xmin>
			<ymin>315</ymin>
			<xmax>1466</xmax>
			<ymax>1515</ymax>
		</bndbox>
	</object>
</annotation>
