<annotation>
	<folder>JPEGImages</folder>
	<filename>c10.jpeg</filename>
	<path>/home/limei/桌面/copy/JPEGImages/c10.jpeg</path>
	<source>
		<database>Unknown</database>
	</source>
	<size>
		<width>1080</width>
		<height>1080</height>
		<depth>3</depth>
	</size>
	<segmented>0</segmented>
	<object>
		<name>dog</name>
		<pose>Unspecified</pose>
		<truncated>1</truncated>
		<difficult>0</difficult>
		<bndbox>
			<xmin>164</xmin>
			<ymin>59</ymin>
			<xmax>925</xmax>
			<ymax>1080</ymax>
		</bndbox>
	</object>
</annotation>
