<annotation>
	<folder>JPEGImages</folder>
	<filename>c11.jpeg</filename>
	<path>/home/limei/桌面/copy/JPEGImages/c11.jpeg</path>
	<source>
		<database>Unknown</database>
	</source>
	<size>
		<width>841</width>
		<height>1175</height>
		<depth>3</depth>
	</size>
	<segmented>0</segmented>
	<object>
		<name>dog</name>
		<pose>Unspecified</pose>
		<truncated>0</truncated>
		<difficult>0</difficult>
		<bndbox>
			<xmin>174</xmin>
			<ymin>103</ymin>
			<xmax>735</xmax>
			<ymax>1048</ymax>
		</bndbox>
	</object>
</annotation>
