<annotation>
	<folder>JPEGImages</folder>
	<filename>c12.jpeg</filename>
	<path>/home/limei/桌面/copy/JPEGImages/c12.jpeg</path>
	<source>
		<database>Unknown</database>
	</source>
	<size>
		<width>816</width>
		<height>800</height>
		<depth>3</depth>
	</size>
	<segmented>0</segmented>
	<object>
		<name>dog</name>
		<pose>Unspecified</pose>
		<truncated>0</truncated>
		<difficult>0</difficult>
		<bndbox>
			<xmin>125</xmin>
			<ymin>70</ymin>
			<xmax>605</xmax>
			<ymax>746</ymax>
		</bndbox>
	</object>
</annotation>
