<annotation>
	<folder>JPEGImages</folder>
	<filename>c13.jpeg</filename>
	<path>/home/limei/桌面/copy/JPEGImages/c13.jpeg</path>
	<source>
		<database>Unknown</database>
	</source>
	<size>
		<width>420</width>
		<height>420</height>
		<depth>3</depth>
	</size>
	<segmented>0</segmented>
	<object>
		<name>dog</name>
		<pose>Unspecified</pose>
		<truncated>1</truncated>
		<difficult>0</difficult>
		<bndbox>
			<xmin>84</xmin>
			<ymin>10</ymin>
			<xmax>373</xmax>
			<ymax>420</ymax>
		</bndbox>
	</object>
</annotation>
