<annotation>
	<folder>JPEGImages</folder>
	<filename>c14.jpg</filename>
	<path>/home/limei/桌面/copy/JPEGImages/c14.jpg</path>
	<source>
		<database>Unknown</database>
	</source>
	<size>
		<width>600</width>
		<height>600</height>
		<depth>3</depth>
	</size>
	<segmented>0</segmented>
	<object>
		<name>dog</name>
		<pose>Unspecified</pose>
		<truncated>1</truncated>
		<difficult>0</difficult>
		<bndbox>
			<xmin>104</xmin>
			<ymin>34</ymin>
			<xmax>552</xmax>
			<ymax>600</ymax>
		</bndbox>
	</object>
</annotation>
