<annotation>
	<folder>JPEGImages</folder>
	<filename>c15.jpeg</filename>
	<path>/home/limei/桌面/copy/JPEGImages/c15.jpeg</path>
	<source>
		<database>Unknown</database>
	</source>
	<size>
		<width>900</width>
		<height>1200</height>
		<depth>3</depth>
	</size>
	<segmented>0</segmented>
	<object>
		<name>dog</name>
		<pose>Unspecified</pose>
		<truncated>1</truncated>
		<difficult>0</difficult>
		<bndbox>
			<xmin>112</xmin>
			<ymin>68</ymin>
			<xmax>775</xmax>
			<ymax>1200</ymax>
		</bndbox>
	</object>
</annotation>
