<annotation>
	<folder>JPEGImages</folder>
	<filename>c16.jpg</filename>
	<path>/home/limei/桌面/copy/JPEGImages/c16.jpg</path>
	<source>
		<database>Unknown</database>
	</source>
	<size>
		<width>600</width>
		<height>596</height>
		<depth>3</depth>
	</size>
	<segmented>0</segmented>
	<object>
		<name>dog</name>
		<pose>Unspecified</pose>
		<truncated>0</truncated>
		<difficult>0</difficult>
		<bndbox>
			<xmin>90</xmin>
			<ymin>82</ymin>
			<xmax>555</xmax>
			<ymax>554</ymax>
		</bndbox>
	</object>
</annotation>
