<annotation>
	<folder>JPEGImages</folder>
	<filename>c17.jpeg</filename>
	<path>/home/limei/桌面/copy/JPEGImages/c17.jpeg</path>
	<source>
		<database>Unknown</database>
	</source>
	<size>
		<width>1024</width>
		<height>680</height>
		<depth>3</depth>
	</size>
	<segmented>0</segmented>
	<object>
		<name>dog</name>
		<pose>Unspecified</pose>
		<truncated>0</truncated>
		<difficult>0</difficult>
		<bndbox>
			<xmin>201</xmin>
			<ymin>90</ymin>
			<xmax>476</xmax>
			<ymax>575</ymax>
		</bndbox>
	</object>
	<object>
		<name>dog</name>
		<pose>Unspecified</pose>
		<truncated>0</truncated>
		<difficult>0</difficult>
		<bndbox>
			<xmin>559</xmin>
			<ymin>126</ymin>
			<xmax>808</xmax>
			<ymax>577</ymax>
		</bndbox>
	</object>
</annotation>
