<annotation>
	<folder>JPEGImages</folder>
	<filename>c18.jpeg</filename>
	<path>/home/limei/桌面/copy/JPEGImages/c18.jpeg</path>
	<source>
		<database>Unknown</database>
	</source>
	<size>
		<width>600</width>
		<height>900</height>
		<depth>3</depth>
	</size>
	<segmented>0</segmented>
	<object>
		<name>dog</name>
		<pose>Unspecified</pose>
		<truncated>0</truncated>
		<difficult>0</difficult>
		<bndbox>
			<xmin>54</xmin>
			<ymin>37</ymin>
			<xmax>581</xmax>
			<ymax>876</ymax>
		</bndbox>
	</object>
</annotation>
