<annotation>
	<folder>JPEGImages</folder>
	<filename>c19.jpeg</filename>
	<path>/home/limei/桌面/copy/JPEGImages/c19.jpeg</path>
	<source>
		<database>Unknown</database>
	</source>
	<size>
		<width>2560</width>
		<height>1600</height>
		<depth>3</depth>
	</size>
	<segmented>0</segmented>
	<object>
		<name>dog</name>
		<pose>Unspecified</pose>
		<truncated>1</truncated>
		<difficult>0</difficult>
		<bndbox>
			<xmin>312</xmin>
			<ymin>374</ymin>
			<xmax>2560</xmax>
			<ymax>1482</ymax>
		</bndbox>
	</object>
</annotation>
