<annotation>
	<folder>JPEGImages</folder>
	<filename>c2.jpeg</filename>
	<path>/home/limei/桌面/copy/JPEGImages/c2.jpeg</path>
	<source>
		<database>Unknown</database>
	</source>
	<size>
		<width>474</width>
		<height>842</height>
		<depth>3</depth>
	</size>
	<segmented>0</segmented>
	<object>
		<name>dog</name>
		<pose>Unspecified</pose>
		<truncated>0</truncated>
		<difficult>0</difficult>
		<bndbox>
			<xmin>78</xmin>
			<ymin>157</ymin>
			<xmax>438</xmax>
			<ymax>748</ymax>
		</bndbox>
	</object>
</annotation>
