<annotation>
	<folder>JPEGImages</folder>
	<filename>c20.jpg</filename>
	<path>/home/limei/桌面/copy/JPEGImages/c20.jpg</path>
	<source>
		<database>Unknown</database>
	</source>
	<size>
		<width>1280</width>
		<height>1917</height>
		<depth>3</depth>
	</size>
	<segmented>0</segmented>
	<object>
		<name>dog</name>
		<pose>Unspecified</pose>
		<truncated>0</truncated>
		<difficult>0</difficult>
		<bndbox>
			<xmin>250</xmin>
			<ymin>316</ymin>
			<xmax>1048</xmax>
			<ymax>1443</ymax>
		</bndbox>
	</object>
</annotation>
