<annotation>
	<folder>JPEGImages</folder>
	<filename>c21.jpeg</filename>
	<path>/home/limei/桌面/copy/JPEGImages/c21.jpeg</path>
	<source>
		<database>Unknown</database>
	</source>
	<size>
		<width>1400</width>
		<height>1050</height>
		<depth>3</depth>
	</size>
	<segmented>0</segmented>
	<object>
		<name>dog</name>
		<pose>Unspecified</pose>
		<truncated>0</truncated>
		<difficult>0</difficult>
		<bndbox>
			<xmin>168</xmin>
			<ymin>57</ymin>
			<xmax>1379</xmax>
			<ymax>842</ymax>
		</bndbox>
	</object>
</annotation>
