<annotation>
	<folder>JPEGImages</folder>
	<filename>c22.jpeg</filename>
	<path>/home/limei/桌面/copy/JPEGImages/c22.jpeg</path>
	<source>
		<database>Unknown</database>
	</source>
	<size>
		<width>474</width>
		<height>711</height>
		<depth>3</depth>
	</size>
	<segmented>0</segmented>
	<object>
		<name>dog</name>
		<pose>Unspecified</pose>
		<truncated>0</truncated>
		<difficult>0</difficult>
		<bndbox>
			<xmin>82</xmin>
			<ymin>60</ymin>
			<xmax>396</xmax>
			<ymax>617</ymax>
		</bndbox>
	</object>
</annotation>
