<annotation>
	<folder>JPEGImages</folder>
	<filename>c24.jpg</filename>
	<path>/home/limei/桌面/copy/JPEGImages/c24.jpg</path>
	<source>
		<database>Unknown</database>
	</source>
	<size>
		<width>1920</width>
		<height>1200</height>
		<depth>3</depth>
	</size>
	<segmented>0</segmented>
	<object>
		<name>dog</name>
		<pose>Unspecified</pose>
		<truncated>1</truncated>
		<difficult>0</difficult>
		<bndbox>
			<xmin>388</xmin>
			<ymin>150</ymin>
			<xmax>1492</xmax>
			<ymax>1200</ymax>
		</bndbox>
	</object>
</annotation>
