<annotation>
	<folder>JPEGImages</folder>
	<filename>c25.jpeg</filename>
	<path>/home/limei/桌面/copy/JPEGImages/c25.jpeg</path>
	<source>
		<database>Unknown</database>
	</source>
	<size>
		<width>504</width>
		<height>722</height>
		<depth>3</depth>
	</size>
	<segmented>0</segmented>
	<object>
		<name>dog</name>
		<pose>Unspecified</pose>
		<truncated>0</truncated>
		<difficult>0</difficult>
		<bndbox>
			<xmin>126</xmin>
			<ymin>139</ymin>
			<xmax>389</xmax>
			<ymax>710</ymax>
		</bndbox>
	</object>
</annotation>
