<annotation>
	<folder>JPEGImages</folder>
	<filename>c26.jpg</filename>
	<path>/home/limei/桌面/copy/JPEGImages/c26.jpg</path>
	<source>
		<database>Unknown</database>
	</source>
	<size>
		<width>1080</width>
		<height>1920</height>
		<depth>3</depth>
	</size>
	<segmented>0</segmented>
	<object>
		<name>dog</name>
		<pose>Unspecified</pose>
		<truncated>0</truncated>
		<difficult>0</difficult>
		<bndbox>
			<xmin>15</xmin>
			<ymin>258</ymin>
			<xmax>994</xmax>
			<ymax>1880</ymax>
		</bndbox>
	</object>
</annotation>
