<annotation>
	<folder>JPEGImages</folder>
	<filename>c27.jpeg</filename>
	<path>/home/limei/桌面/copy/JPEGImages/c27.jpeg</path>
	<source>
		<database>Unknown</database>
	</source>
	<size>
		<width>1920</width>
		<height>1200</height>
		<depth>3</depth>
	</size>
	<segmented>0</segmented>
	<object>
		<name>dog</name>
		<pose>Unspecified</pose>
		<truncated>0</truncated>
		<difficult>0</difficult>
		<bndbox>
			<xmin>151</xmin>
			<ymin>76</ymin>
			<xmax>1819</xmax>
			<ymax>1064</ymax>
		</bndbox>
	</object>
</annotation>
