<annotation>
	<folder>JPEGImages</folder>
	<filename>c29.jpg</filename>
	<path>/home/limei/桌面/copy/JPEGImages/c29.jpg</path>
	<source>
		<database>Unknown</database>
	</source>
	<size>
		<width>500</width>
		<height>487</height>
		<depth>3</depth>
	</size>
	<segmented>0</segmented>
	<object>
		<name>dog</name>
		<pose>Unspecified</pose>
		<truncated>0</truncated>
		<difficult>0</difficult>
		<bndbox>
			<xmin>65</xmin>
			<ymin>10</ymin>
			<xmax>483</xmax>
			<ymax>484</ymax>
		</bndbox>
	</object>
</annotation>
