<annotation>
	<folder>JPEGImages</folder>
	<filename>c3.jpg</filename>
	<path>/home/limei/桌面/copy/JPEGImages/c3.jpg</path>
	<source>
		<database>Unknown</database>
	</source>
	<size>
		<width>3840</width>
		<height>2400</height>
		<depth>3</depth>
	</size>
	<segmented>0</segmented>
	<object>
		<name>dog</name>
		<pose>Unspecified</pose>
		<truncated>0</truncated>
		<difficult>0</difficult>
		<bndbox>
			<xmin>528</xmin>
			<ymin>289</ymin>
			<xmax>3299</xmax>
			<ymax>2106</ymax>
		</bndbox>
	</object>
</annotation>
