<annotation>
	<folder>JPEGImages</folder>
	<filename>c30.jpeg</filename>
	<path>/home/limei/桌面/copy/JPEGImages/c30.jpeg</path>
	<source>
		<database>Unknown</database>
	</source>
	<size>
		<width>1275</width>
		<height>797</height>
		<depth>3</depth>
	</size>
	<segmented>0</segmented>
	<object>
		<name>dog</name>
		<pose>Unspecified</pose>
		<truncated>1</truncated>
		<difficult>0</difficult>
		<bndbox>
			<xmin>309</xmin>
			<ymin>14</ymin>
			<xmax>1113</xmax>
			<ymax>797</ymax>
		</bndbox>
	</object>
</annotation>
