<annotation>
	<folder>JPEGImages</folder>
	<filename>c32.jpeg</filename>
	<path>/home/limei/桌面/copy/JPEGImages/c32.jpeg</path>
	<source>
		<database>Unknown</database>
	</source>
	<size>
		<width>1024</width>
		<height>1024</height>
		<depth>3</depth>
	</size>
	<segmented>0</segmented>
	<object>
		<name>dog</name>
		<pose>Unspecified</pose>
		<truncated>0</truncated>
		<difficult>0</difficult>
		<bndbox>
			<xmin>226</xmin>
			<ymin>126</ymin>
			<xmax>850</xmax>
			<ymax>905</ymax>
		</bndbox>
	</object>
</annotation>
