<annotation>
	<folder>JPEGImages</folder>
	<filename>c33.jpeg</filename>
	<path>/home/limei/桌面/copy/JPEGImages/c33.jpeg</path>
	<source>
		<database>Unknown</database>
	</source>
	<size>
		<width>650</width>
		<height>971</height>
		<depth>3</depth>
	</size>
	<segmented>0</segmented>
	<object>
		<name>dog</name>
		<pose>Unspecified</pose>
		<truncated>0</truncated>
		<difficult>0</difficult>
		<bndbox>
			<xmin>88</xmin>
			<ymin>176</ymin>
			<xmax>553</xmax>
			<ymax>858</ymax>
		</bndbox>
	</object>
</annotation>
