<annotation>
	<folder>JPEGImages</folder>
	<filename>c34.jpeg</filename>
	<path>/home/limei/桌面/copy/JPEGImages/c34.jpeg</path>
	<source>
		<database>Unknown</database>
	</source>
	<size>
		<width>1435</width>
		<height>1428</height>
		<depth>3</depth>
	</size>
	<segmented>0</segmented>
	<object>
		<name>dog</name>
		<pose>Unspecified</pose>
		<truncated>0</truncated>
		<difficult>0</difficult>
		<bndbox>
			<xmin>332</xmin>
			<ymin>231</ymin>
			<xmax>1177</xmax>
			<ymax>1304</ymax>
		</bndbox>
	</object>
</annotation>
