<annotation>
	<folder>JPEGImages</folder>
	<filename>c36.jpeg</filename>
	<path>/home/limei/桌面/copy/JPEGImages/c36.jpeg</path>
	<source>
		<database>Unknown</database>
	</source>
	<size>
		<width>1600</width>
		<height>1600</height>
		<depth>3</depth>
	</size>
	<segmented>0</segmented>
	<object>
		<name>dog</name>
		<pose>Unspecified</pose>
		<truncated>1</truncated>
		<difficult>0</difficult>
		<bndbox>
			<xmin>373</xmin>
			<ymin>503</ymin>
			<xmax>1184</xmax>
			<ymax>1600</ymax>
		</bndbox>
	</object>
</annotation>
