<annotation>
	<folder>JPEGImages</folder>
	<filename>c37.jpg</filename>
	<path>/home/limei/桌面/copy/JPEGImages/c37.jpg</path>
	<source>
		<database>Unknown</database>
	</source>
	<size>
		<width>650</width>
		<height>869</height>
		<depth>3</depth>
	</size>
	<segmented>0</segmented>
	<object>
		<name>dog</name>
		<pose>Unspecified</pose>
		<truncated>0</truncated>
		<difficult>0</difficult>
		<bndbox>
			<xmin>28</xmin>
			<ymin>101</ymin>
			<xmax>621</xmax>
			<ymax>753</ymax>
		</bndbox>
	</object>
</annotation>
