<annotation>
	<folder>JPEGImages</folder>
	<filename>c38.jpeg</filename>
	<path>/home/limei/桌面/copy/JPEGImages/c38.jpeg</path>
	<source>
		<database>Unknown</database>
	</source>
	<size>
		<width>1024</width>
		<height>683</height>
		<depth>3</depth>
	</size>
	<segmented>0</segmented>
	<object>
		<name>dog</name>
		<pose>Unspecified</pose>
		<truncated>0</truncated>
		<difficult>0</difficult>
		<bndbox>
			<xmin>61</xmin>
			<ymin>66</ymin>
			<xmax>872</xmax>
			<ymax>652</ymax>
		</bndbox>
	</object>
</annotation>
