<annotation>
	<folder>JPEGImages</folder>
	<filename>c4.jpeg</filename>
	<path>/home/limei/桌面/copy/JPEGImages/c4.jpeg</path>
	<source>
		<database>Unknown</database>
	</source>
	<size>
		<width>600</width>
		<height>900</height>
		<depth>3</depth>
	</size>
	<segmented>0</segmented>
	<object>
		<name>dog</name>
		<pose>Unspecified</pose>
		<truncated>0</truncated>
		<difficult>0</difficult>
		<bndbox>
			<xmin>75</xmin>
			<ymin>201</ymin>
			<xmax>556</xmax>
			<ymax>772</ymax>
		</bndbox>
	</object>
</annotation>
