<annotation>
	<folder>JPEGImages</folder>
	<filename>c40.jpg</filename>
	<path>/home/limei/桌面/copy/JPEGImages/c40.jpg</path>
	<source>
		<database>Unknown</database>
	</source>
	<size>
		<width>400</width>
		<height>400</height>
		<depth>3</depth>
	</size>
	<segmented>0</segmented>
	<object>
		<name>dog</name>
		<pose>Unspecified</pose>
		<truncated>0</truncated>
		<difficult>0</difficult>
		<bndbox>
			<xmin>100</xmin>
			<ymin>81</ymin>
			<xmax>280</xmax>
			<ymax>379</ymax>
		</bndbox>
	</object>
</annotation>
