<annotation>
	<folder>JPEGImages</folder>
	<filename>c41.jpg</filename>
	<path>/home/limei/桌面/copy/JPEGImages/c41.jpg</path>
	<source>
		<database>Unknown</database>
	</source>
	<size>
		<width>500</width>
		<height>332</height>
		<depth>3</depth>
	</size>
	<segmented>0</segmented>
	<object>
		<name>dog</name>
		<pose>Unspecified</pose>
		<truncated>0</truncated>
		<difficult>0</difficult>
		<bndbox>
			<xmin>100</xmin>
			<ymin>153</ymin>
			<xmax>272</xmax>
			<ymax>323</ymax>
		</bndbox>
	</object>
	<object>
		<name>dog</name>
		<pose>Unspecified</pose>
		<truncated>0</truncated>
		<difficult>0</difficult>
		<bndbox>
			<xmin>247</xmin>
			<ymin>51</ymin>
			<xmax>419</xmax>
			<ymax>314</ymax>
		</bndbox>
	</object>
</annotation>
