<annotation>
	<folder>JPEGImages</folder>
	<filename>c42.jpeg</filename>
	<path>/home/limei/桌面/copy/JPEGImages/c42.jpeg</path>
	<source>
		<database>Unknown</database>
	</source>
	<size>
		<width>1440</width>
		<height>900</height>
		<depth>3</depth>
	</size>
	<segmented>0</segmented>
	<object>
		<name>dog</name>
		<pose>Unspecified</pose>
		<truncated>0</truncated>
		<difficult>0</difficult>
		<bndbox>
			<xmin>569</xmin>
			<ymin>156</ymin>
			<xmax>1098</xmax>
			<ymax>831</ymax>
		</bndbox>
	</object>
</annotation>
