<annotation>
	<folder>JPEGImages</folder>
	<filename>c43.jpg</filename>
	<path>/home/limei/桌面/copy/JPEGImages/c43.jpg</path>
	<source>
		<database>Unknown</database>
	</source>
	<size>
		<width>751</width>
		<height>1024</height>
		<depth>3</depth>
	</size>
	<segmented>0</segmented>
	<object>
		<name>dog</name>
		<pose>Unspecified</pose>
		<truncated>0</truncated>
		<difficult>0</difficult>
		<bndbox>
			<xmin>113</xmin>
			<ymin>71</ymin>
			<xmax>671</xmax>
			<ymax>996</ymax>
		</bndbox>
	</object>
</annotation>
