<annotation>
	<folder>JPEGImages</folder>
	<filename>c44.jpeg</filename>
	<path>/home/limei/桌面/copy/JPEGImages/c44.jpeg</path>
	<source>
		<database>Unknown</database>
	</source>
	<size>
		<width>552</width>
		<height>652</height>
		<depth>3</depth>
	</size>
	<segmented>0</segmented>
	<object>
		<name>dog</name>
		<pose>Unspecified</pose>
		<truncated>0</truncated>
		<difficult>0</difficult>
		<bndbox>
			<xmin>122</xmin>
			<ymin>154</ymin>
			<xmax>467</xmax>
			<ymax>517</ymax>
		</bndbox>
	</object>
</annotation>
