<annotation>
	<folder>JPEGImages</folder>
	<filename>c45.jpeg</filename>
	<path>/home/limei/桌面/copy/JPEGImages/c45.jpeg</path>
	<source>
		<database>Unknown</database>
	</source>
	<size>
		<width>498</width>
		<height>564</height>
		<depth>3</depth>
	</size>
	<segmented>0</segmented>
	<object>
		<name>dog</name>
		<pose>Unspecified</pose>
		<truncated>1</truncated>
		<difficult>0</difficult>
		<bndbox>
			<xmin>14</xmin>
			<ymin>9</ymin>
			<xmax>480</xmax>
			<ymax>564</ymax>
		</bndbox>
	</object>
</annotation>
