<annotation>
	<folder>JPEGImages</folder>
	<filename>c46.jpeg</filename>
	<path>/home/limei/桌面/copy/JPEGImages/c46.jpeg</path>
	<source>
		<database>Unknown</database>
	</source>
	<size>
		<width>425</width>
		<height>600</height>
		<depth>3</depth>
	</size>
	<segmented>0</segmented>
	<object>
		<name>dog</name>
		<pose>Unspecified</pose>
		<truncated>0</truncated>
		<difficult>0</difficult>
		<bndbox>
			<xmin>85</xmin>
			<ymin>4</ymin>
			<xmax>405</xmax>
			<ymax>590</ymax>
		</bndbox>
	</object>
</annotation>
