<annotation>
	<folder>JPEGImages</folder>
	<filename>c48.jpeg</filename>
	<path>/home/limei/桌面/copy/JPEGImages/c48.jpeg</path>
	<source>
		<database>Unknown</database>
	</source>
	<size>
		<width>750</width>
		<height>1000</height>
		<depth>3</depth>
	</size>
	<segmented>0</segmented>
	<object>
		<name>dog</name>
		<pose>Unspecified</pose>
		<truncated>0</truncated>
		<difficult>0</difficult>
		<bndbox>
			<xmin>139</xmin>
			<ymin>13</ymin>
			<xmax>712</xmax>
			<ymax>827</ymax>
		</bndbox>
	</object>
</annotation>
