<annotation>
	<folder>JPEGImages</folder>
	<filename>c49.jpeg</filename>
	<path>/home/limei/桌面/copy/JPEGImages/c49.jpeg</path>
	<source>
		<database>Unknown</database>
	</source>
	<size>
		<width>400</width>
		<height>400</height>
		<depth>3</depth>
	</size>
	<segmented>0</segmented>
	<object>
		<name>dog</name>
		<pose>Unspecified</pose>
		<truncated>1</truncated>
		<difficult>0</difficult>
		<bndbox>
			<xmin>13</xmin>
			<ymin>49</ymin>
			<xmax>347</xmax>
			<ymax>400</ymax>
		</bndbox>
	</object>
</annotation>
