<annotation>
	<folder>JPEGImages</folder>
	<filename>c5.jpeg</filename>
	<path>/home/limei/桌面/copy/JPEGImages/c5.jpeg</path>
	<source>
		<database>Unknown</database>
	</source>
	<size>
		<width>727</width>
		<height>514</height>
		<depth>3</depth>
	</size>
	<segmented>0</segmented>
	<object>
		<name>dog</name>
		<pose>Unspecified</pose>
		<truncated>0</truncated>
		<difficult>0</difficult>
		<bndbox>
			<xmin>212</xmin>
			<ymin>45</ymin>
			<xmax>715</xmax>
			<ymax>509</ymax>
		</bndbox>
	</object>
</annotation>
