<annotation>
	<folder>JPEGImages</folder>
	<filename>c50.jpg</filename>
	<path>/home/limei/桌面/copy/JPEGImages/c50.jpg</path>
	<source>
		<database>Unknown</database>
	</source>
	<size>
		<width>800</width>
		<height>750</height>
		<depth>3</depth>
	</size>
	<segmented>0</segmented>
	<object>
		<name>dog</name>
		<pose>Unspecified</pose>
		<truncated>0</truncated>
		<difficult>0</difficult>
		<bndbox>
			<xmin>142</xmin>
			<ymin>87</ymin>
			<xmax>656</xmax>
			<ymax>726</ymax>
		</bndbox>
	</object>
</annotation>
