<annotation>
	<folder>JPEGImages</folder>
	<filename>c51.jpeg</filename>
	<path>/home/limei/桌面/copy/JPEGImages/c51.jpeg</path>
	<source>
		<database>Unknown</database>
	</source>
	<size>
		<width>1080</width>
		<height>1920</height>
		<depth>3</depth>
	</size>
	<segmented>0</segmented>
	<object>
		<name>dog</name>
		<pose>Unspecified</pose>
		<truncated>0</truncated>
		<difficult>0</difficult>
		<bndbox>
			<xmin>118</xmin>
			<ymin>588</ymin>
			<xmax>1023</xmax>
			<ymax>1888</ymax>
		</bndbox>
	</object>
</annotation>
