<annotation>
	<folder>JPEGImages</folder>
	<filename>c52.jpg</filename>
	<path>/home/limei/桌面/copy/JPEGImages/c52.jpg</path>
	<source>
		<database>Unknown</database>
	</source>
	<size>
		<width>985</width>
		<height>788</height>
		<depth>3</depth>
	</size>
	<segmented>0</segmented>
	<object>
		<name>dog</name>
		<pose>Unspecified</pose>
		<truncated>0</truncated>
		<difficult>0</difficult>
		<bndbox>
			<xmin>307</xmin>
			<ymin>70</ymin>
			<xmax>954</xmax>
			<ymax>760</ymax>
		</bndbox>
	</object>
</annotation>
