<annotation>
	<folder>JPEGImages</folder>
	<filename>c53.jpeg</filename>
	<path>/home/limei/桌面/copy/JPEGImages/c53.jpeg</path>
	<source>
		<database>Unknown</database>
	</source>
	<size>
		<width>600</width>
		<height>1067</height>
		<depth>3</depth>
	</size>
	<segmented>0</segmented>
	<object>
		<name>dog</name>
		<pose>Unspecified</pose>
		<truncated>0</truncated>
		<difficult>0</difficult>
		<bndbox>
			<xmin>78</xmin>
			<ymin>408</ymin>
			<xmax>325</xmax>
			<ymax>953</ymax>
		</bndbox>
	</object>
	<object>
		<name>dog</name>
		<pose>Unspecified</pose>
		<truncated>1</truncated>
		<difficult>0</difficult>
		<bndbox>
			<xmin>330</xmin>
			<ymin>609</ymin>
			<xmax>600</xmax>
			<ymax>1018</ymax>
		</bndbox>
	</object>
</annotation>
