<annotation>
	<folder>JPEGImages</folder>
	<filename>c54.jpeg</filename>
	<path>/home/limei/桌面/copy/JPEGImages/c54.jpeg</path>
	<source>
		<database>Unknown</database>
	</source>
	<size>
		<width>400</width>
		<height>400</height>
		<depth>3</depth>
	</size>
	<segmented>0</segmented>
	<object>
		<name>dog</name>
		<pose>Unspecified</pose>
		<truncated>0</truncated>
		<difficult>0</difficult>
		<bndbox>
			<xmin>49</xmin>
			<ymin>169</ymin>
			<xmax>358</xmax>
			<ymax>319</ymax>
		</bndbox>
	</object>
	<object>
		<name>dog</name>
		<pose>Unspecified</pose>
		<truncated>1</truncated>
		<difficult>0</difficult>
		<bndbox>
			<xmin>55</xmin>
			<ymin>27</ymin>
			<xmax>332</xmax>
			<ymax>400</ymax>
		</bndbox>
	</object>
</annotation>
