<annotation>
	<folder>JPEGImages</folder>
	<filename>c56.jpeg</filename>
	<path>/home/limei/桌面/copy/JPEGImages/c56.jpeg</path>
	<source>
		<database>Unknown</database>
	</source>
	<size>
		<width>1080</width>
		<height>1080</height>
		<depth>3</depth>
	</size>
	<segmented>0</segmented>
	<object>
		<name>dog</name>
		<pose>Unspecified</pose>
		<truncated>0</truncated>
		<difficult>0</difficult>
		<bndbox>
			<xmin>50</xmin>
			<ymin>41</ymin>
			<xmax>981</xmax>
			<ymax>1030</ymax>
		</bndbox>
	</object>
</annotation>
