<annotation>
	<folder>JPEGImages</folder>
	<filename>c58.jpeg</filename>
	<path>/home/limei/桌面/copy/JPEGImages/c58.jpeg</path>
	<source>
		<database>Unknown</database>
	</source>
	<size>
		<width>1600</width>
		<height>1200</height>
		<depth>3</depth>
	</size>
	<segmented>0</segmented>
	<object>
		<name>dog</name>
		<pose>Unspecified</pose>
		<truncated>0</truncated>
		<difficult>0</difficult>
		<bndbox>
			<xmin>79</xmin>
			<ymin>187</ymin>
			<xmax>481</xmax>
			<ymax>1087</ymax>
		</bndbox>
	</object>
	<object>
		<name>dog</name>
		<pose>Unspecified</pose>
		<truncated>0</truncated>
		<difficult>0</difficult>
		<bndbox>
			<xmin>510</xmin>
			<ymin>148</ymin>
			<xmax>942</xmax>
			<ymax>1121</ymax>
		</bndbox>
	</object>
	<object>
		<name>dog</name>
		<pose>Unspecified</pose>
		<truncated>0</truncated>
		<difficult>0</difficult>
		<bndbox>
			<xmin>973</xmin>
			<ymin>133</ymin>
			<xmax>1520</xmax>
			<ymax>1121</ymax>
		</bndbox>
	</object>
</annotation>
