<annotation>
	<folder>JPEGImages</folder>
	<filename>c60.jpeg</filename>
	<path>/home/limei/桌面/copy/JPEGImages/c60.jpeg</path>
	<source>
		<database>Unknown</database>
	</source>
	<size>
		<width>551</width>
		<height>375</height>
		<depth>3</depth>
	</size>
	<segmented>0</segmented>
	<object>
		<name>dog</name>
		<pose>Unspecified</pose>
		<truncated>0</truncated>
		<difficult>0</difficult>
		<bndbox>
			<xmin>257</xmin>
			<ymin>19</ymin>
			<xmax>490</xmax>
			<ymax>356</ymax>
		</bndbox>
	</object>
</annotation>
