<annotation>
	<folder>JPEGImages</folder>
	<filename>c61.jpeg</filename>
	<path>/home/limei/桌面/copy/JPEGImages/c61.jpeg</path>
	<source>
		<database>Unknown</database>
	</source>
	<size>
		<width>1280</width>
		<height>815</height>
		<depth>3</depth>
	</size>
	<segmented>0</segmented>
	<object>
		<name>dog</name>
		<pose>Unspecified</pose>
		<truncated>0</truncated>
		<difficult>0</difficult>
		<bndbox>
			<xmin>441</xmin>
			<ymin>39</ymin>
			<xmax>1219</xmax>
			<ymax>738</ymax>
		</bndbox>
	</object>
</annotation>
