<annotation>
	<folder>JPEGImages</folder>
	<filename>c62.jpg</filename>
	<path>/home/limei/桌面/copy/JPEGImages/c62.jpg</path>
	<source>
		<database>Unknown</database>
	</source>
	<size>
		<width>459</width>
		<height>816</height>
		<depth>3</depth>
	</size>
	<segmented>0</segmented>
	<object>
		<name>dog</name>
		<pose>Unspecified</pose>
		<truncated>0</truncated>
		<difficult>0</difficult>
		<bndbox>
			<xmin>5</xmin>
			<ymin>106</ymin>
			<xmax>372</xmax>
			<ymax>483</ymax>
		</bndbox>
	</object>
</annotation>
