<annotation>
	<folder>JPEGImages</folder>
	<filename>c63.jpg</filename>
	<path>/home/limei/桌面/copy/JPEGImages/c63.jpg</path>
	<source>
		<database>Unknown</database>
	</source>
	<size>
		<width>5138</width>
		<height>3425</height>
		<depth>3</depth>
	</size>
	<segmented>0</segmented>
	<object>
		<name>dog</name>
		<pose>Unspecified</pose>
		<truncated>0</truncated>
		<difficult>0</difficult>
		<bndbox>
			<xmin>1113</xmin>
			<ymin>276</ymin>
			<xmax>4024</xmax>
			<ymax>3193</ymax>
		</bndbox>
	</object>
</annotation>
