<annotation>
	<folder>JPEGImages</folder>
	<filename>c64.jpeg</filename>
	<path>/home/limei/桌面/copy/JPEGImages/c64.jpeg</path>
	<source>
		<database>Unknown</database>
	</source>
	<size>
		<width>450</width>
		<height>423</height>
		<depth>3</depth>
	</size>
	<segmented>0</segmented>
	<object>
		<name>dog</name>
		<pose>Unspecified</pose>
		<truncated>0</truncated>
		<difficult>0</difficult>
		<bndbox>
			<xmin>74</xmin>
			<ymin>25</ymin>
			<xmax>420</xmax>
			<ymax>382</ymax>
		</bndbox>
	</object>
</annotation>
