<annotation>
	<folder>JPEGImages</folder>
	<filename>c65.jpeg</filename>
	<path>/home/limei/桌面/copy/JPEGImages/c65.jpeg</path>
	<source>
		<database>Unknown</database>
	</source>
	<size>
		<width>700</width>
		<height>690</height>
		<depth>3</depth>
	</size>
	<segmented>0</segmented>
	<object>
		<name>dog</name>
		<pose>Unspecified</pose>
		<truncated>0</truncated>
		<difficult>0</difficult>
		<bndbox>
			<xmin>73</xmin>
			<ymin>20</ymin>
			<xmax>627</xmax>
			<ymax>684</ymax>
		</bndbox>
	</object>
</annotation>
