<annotation>
	<folder>JPEGImages</folder>
	<filename>c67.jpeg</filename>
	<path>/home/limei/桌面/copy/JPEGImages/c67.jpeg</path>
	<source>
		<database>Unknown</database>
	</source>
	<size>
		<width>800</width>
		<height>800</height>
		<depth>3</depth>
	</size>
	<segmented>0</segmented>
	<object>
		<name>dog</name>
		<pose>Unspecified</pose>
		<truncated>1</truncated>
		<difficult>0</difficult>
		<bndbox>
			<xmin>67</xmin>
			<ymin>106</ymin>
			<xmax>717</xmax>
			<ymax>800</ymax>
		</bndbox>
	</object>
</annotation>
