<annotation>
	<folder>JPEGImages</folder>
	<filename>c68.jpg</filename>
	<path>/home/limei/桌面/copy/JPEGImages/c68.jpg</path>
	<source>
		<database>Unknown</database>
	</source>
	<size>
		<width>450</width>
		<height>450</height>
		<depth>3</depth>
	</size>
	<segmented>0</segmented>
	<object>
		<name>dog</name>
		<pose>Unspecified</pose>
		<truncated>0</truncated>
		<difficult>0</difficult>
		<bndbox>
			<xmin>39</xmin>
			<ymin>20</ymin>
			<xmax>430</xmax>
			<ymax>403</ymax>
		</bndbox>
	</object>
</annotation>
