<annotation>
	<folder>JPEGImages</folder>
	<filename>c69.jpeg</filename>
	<path>/home/limei/桌面/copy/JPEGImages/c69.jpeg</path>
	<source>
		<database>Unknown</database>
	</source>
	<size>
		<width>473</width>
		<height>725</height>
		<depth>3</depth>
	</size>
	<segmented>0</segmented>
	<object>
		<name>dog</name>
		<pose>Unspecified</pose>
		<truncated>0</truncated>
		<difficult>0</difficult>
		<bndbox>
			<xmin>18</xmin>
			<ymin>187</ymin>
			<xmax>441</xmax>
			<ymax>702</ymax>
		</bndbox>
	</object>
</annotation>
