<annotation>
	<folder>JPEGImages</folder>
	<filename>c7.jpeg</filename>
	<path>/home/limei/桌面/copy/JPEGImages/c7.jpeg</path>
	<source>
		<database>Unknown</database>
	</source>
	<size>
		<width>1600</width>
		<height>1998</height>
		<depth>3</depth>
	</size>
	<segmented>0</segmented>
	<object>
		<name>dog</name>
		<pose>Unspecified</pose>
		<truncated>1</truncated>
		<difficult>0</difficult>
		<bndbox>
			<xmin>200</xmin>
			<ymin>823</ymin>
			<xmax>1189</xmax>
			<ymax>1998</ymax>
		</bndbox>
	</object>
</annotation>
