<annotation>
	<folder>JPEGImages</folder>
	<filename>c70.jpg</filename>
	<path>/home/limei/桌面/copy/JPEGImages/c70.jpg</path>
	<source>
		<database>Unknown</database>
	</source>
	<size>
		<width>727</width>
		<height>997</height>
		<depth>3</depth>
	</size>
	<segmented>0</segmented>
	<object>
		<name>dog</name>
		<pose>Unspecified</pose>
		<truncated>1</truncated>
		<difficult>0</difficult>
		<bndbox>
			<xmin>90</xmin>
			<ymin>280</ymin>
			<xmax>727</xmax>
			<ymax>959</ymax>
		</bndbox>
	</object>
</annotation>
