<annotation>
	<folder>JPEGImages</folder>
	<filename>c71.jpeg</filename>
	<path>/home/limei/桌面/copy/JPEGImages/c71.jpeg</path>
	<source>
		<database>Unknown</database>
	</source>
	<size>
		<width>852</width>
		<height>799</height>
		<depth>3</depth>
	</size>
	<segmented>0</segmented>
	<object>
		<name>dog</name>
		<pose>Unspecified</pose>
		<truncated>1</truncated>
		<difficult>0</difficult>
		<bndbox>
			<xmin>54</xmin>
			<ymin>112</ymin>
			<xmax>830</xmax>
			<ymax>799</ymax>
		</bndbox>
	</object>
</annotation>
