<annotation>
	<folder>JPEGImages</folder>
	<filename>c72.jpeg</filename>
	<path>/home/limei/桌面/copy/JPEGImages/c72.jpeg</path>
	<source>
		<database>Unknown</database>
	</source>
	<size>
		<width>640</width>
		<height>1260</height>
		<depth>3</depth>
	</size>
	<segmented>0</segmented>
	<object>
		<name>dog</name>
		<pose>Unspecified</pose>
		<truncated>0</truncated>
		<difficult>0</difficult>
		<bndbox>
			<xmin>68</xmin>
			<ymin>93</ymin>
			<xmax>565</xmax>
			<ymax>518</ymax>
		</bndbox>
	</object>
	<object>
		<name>dog</name>
		<pose>Unspecified</pose>
		<truncated>1</truncated>
		<difficult>0</difficult>
		<bndbox>
			<xmin>70</xmin>
			<ymin>779</ymin>
			<xmax>640</xmax>
			<ymax>1256</ymax>
		</bndbox>
	</object>
</annotation>
