<annotation>
	<folder>JPEGImages</folder>
	<filename>c73.jpg</filename>
	<path>/home/limei/桌面/copy/JPEGImages/c73.jpg</path>
	<source>
		<database>Unknown</database>
	</source>
	<size>
		<width>600</width>
		<height>732</height>
		<depth>3</depth>
	</size>
	<segmented>0</segmented>
	<object>
		<name>dog</name>
		<pose>Unspecified</pose>
		<truncated>0</truncated>
		<difficult>0</difficult>
		<bndbox>
			<xmin>38</xmin>
			<ymin>67</ymin>
			<xmax>402</xmax>
			<ymax>586</ymax>
		</bndbox>
	</object>
</annotation>
