<annotation>
	<folder>JPEGImages</folder>
	<filename>c74.jpeg</filename>
	<path>/home/limei/桌面/copy/JPEGImages/c74.jpeg</path>
	<source>
		<database>Unknown</database>
	</source>
	<size>
		<width>474</width>
		<height>474</height>
		<depth>3</depth>
	</size>
	<segmented>0</segmented>
	<object>
		<name>dog</name>
		<pose>Unspecified</pose>
		<truncated>0</truncated>
		<difficult>0</difficult>
		<bndbox>
			<xmin>44</xmin>
			<ymin>23</ymin>
			<xmax>438</xmax>
			<ymax>413</ymax>
		</bndbox>
	</object>
</annotation>
