<annotation>
	<folder>JPEGImages</folder>
	<filename>c75.jpg</filename>
	<path>/home/limei/桌面/copy/JPEGImages/c75.jpg</path>
	<source>
		<database>Unknown</database>
	</source>
	<size>
		<width>576</width>
		<height>1024</height>
		<depth>3</depth>
	</size>
	<segmented>0</segmented>
	<object>
		<name>dog</name>
		<pose>Unspecified</pose>
		<truncated>0</truncated>
		<difficult>0</difficult>
		<bndbox>
			<xmin>47</xmin>
			<ymin>58</ymin>
			<xmax>512</xmax>
			<ymax>790</ymax>
		</bndbox>
	</object>
</annotation>
