<annotation>
	<folder>JPEGImages</folder>
	<filename>c77.jpeg</filename>
	<path>/home/limei/桌面/copy/JPEGImages/c77.jpeg</path>
	<source>
		<database>Unknown</database>
	</source>
	<size>
		<width>480</width>
		<height>640</height>
		<depth>3</depth>
	</size>
	<segmented>0</segmented>
	<object>
		<name>dog</name>
		<pose>Unspecified</pose>
		<truncated>0</truncated>
		<difficult>0</difficult>
		<bndbox>
			<xmin>107</xmin>
			<ymin>122</ymin>
			<xmax>400</xmax>
			<ymax>582</ymax>
		</bndbox>
	</object>
</annotation>
