<annotation>
	<folder>JPEGImages</folder>
	<filename>c78.jpg</filename>
	<path>/home/limei/桌面/copy/JPEGImages/c78.jpg</path>
	<source>
		<database>Unknown</database>
	</source>
	<size>
		<width>600</width>
		<height>533</height>
		<depth>3</depth>
	</size>
	<segmented>0</segmented>
	<object>
		<name>dog</name>
		<pose>Unspecified</pose>
		<truncated>0</truncated>
		<difficult>0</difficult>
		<bndbox>
			<xmin>146</xmin>
			<ymin>122</ymin>
			<xmax>428</xmax>
			<ymax>464</ymax>
		</bndbox>
	</object>
</annotation>
