<annotation>
	<folder>JPEGImages</folder>
	<filename>c79.jpeg</filename>
	<path>/home/limei/桌面/copy/JPEGImages/c79.jpeg</path>
	<source>
		<database>Unknown</database>
	</source>
	<size>
		<width>600</width>
		<height>900</height>
		<depth>3</depth>
	</size>
	<segmented>0</segmented>
	<object>
		<name>dog</name>
		<pose>Unspecified</pose>
		<truncated>0</truncated>
		<difficult>0</difficult>
		<bndbox>
			<xmin>49</xmin>
			<ymin>182</ymin>
			<xmax>570</xmax>
			<ymax>791</ymax>
		</bndbox>
	</object>
</annotation>
