<annotation>
	<folder>JPEGImages</folder>
	<filename>c80.jpeg</filename>
	<path>/home/limei/桌面/copy/JPEGImages/c80.jpeg</path>
	<source>
		<database>Unknown</database>
	</source>
	<size>
		<width>774</width>
		<height>591</height>
		<depth>3</depth>
	</size>
	<segmented>0</segmented>
	<object>
		<name>dog</name>
		<pose>Unspecified</pose>
		<truncated>0</truncated>
		<difficult>0</difficult>
		<bndbox>
			<xmin>102</xmin>
			<ymin>71</ymin>
			<xmax>581</xmax>
			<ymax>551</ymax>
		</bndbox>
	</object>
</annotation>
