<annotation>
	<folder>JPEGImages</folder>
	<filename>c81.jpg</filename>
	<path>/home/limei/桌面/copy/JPEGImages/c81.jpg</path>
	<source>
		<database>Unknown</database>
	</source>
	<size>
		<width>2592</width>
		<height>1944</height>
		<depth>3</depth>
	</size>
	<segmented>0</segmented>
	<object>
		<name>dog</name>
		<pose>Unspecified</pose>
		<truncated>0</truncated>
		<difficult>0</difficult>
		<bndbox>
			<xmin>431</xmin>
			<ymin>128</ymin>
			<xmax>1917</xmax>
			<ymax>1903</ymax>
		</bndbox>
	</object>
</annotation>
