<annotation>
	<folder>JPEGImages</folder>
	<filename>c82.jpeg</filename>
	<path>/home/limei/桌面/copy/JPEGImages/c82.jpeg</path>
	<source>
		<database>Unknown</database>
	</source>
	<size>
		<width>1600</width>
		<height>1200</height>
		<depth>3</depth>
	</size>
	<segmented>0</segmented>
	<object>
		<name>dog</name>
		<pose>Unspecified</pose>
		<truncated>1</truncated>
		<difficult>0</difficult>
		<bndbox>
			<xmin>1</xmin>
			<ymin>319</ymin>
			<xmax>749</xmax>
			<ymax>1075</ymax>
		</bndbox>
	</object>
	<object>
		<name>dog</name>
		<pose>Unspecified</pose>
		<truncated>0</truncated>
		<difficult>0</difficult>
		<bndbox>
			<xmin>715</xmin>
			<ymin>207</ymin>
			<xmax>1493</xmax>
			<ymax>975</ymax>
		</bndbox>
	</object>
</annotation>
