<annotation>
	<folder>JPEGImages</folder>
	<filename>c84.jpeg</filename>
	<path>/home/limei/桌面/copy/JPEGImages/c84.jpeg</path>
	<source>
		<database>Unknown</database>
	</source>
	<size>
		<width>400</width>
		<height>400</height>
		<depth>3</depth>
	</size>
	<segmented>0</segmented>
	<object>
		<name>dog</name>
		<pose>Unspecified</pose>
		<truncated>0</truncated>
		<difficult>0</difficult>
		<bndbox>
			<xmin>20</xmin>
			<ymin>59</ymin>
			<xmax>256</xmax>
			<ymax>366</ymax>
		</bndbox>
	</object>
	<object>
		<name>dog</name>
		<pose>Unspecified</pose>
		<truncated>0</truncated>
		<difficult>0</difficult>
		<bndbox>
			<xmin>159</xmin>
			<ymin>11</ymin>
			<xmax>338</xmax>
			<ymax>123</ymax>
		</bndbox>
	</object>
	<object>
		<name>dog</name>
		<pose>Unspecified</pose>
		<truncated>1</truncated>
		<difficult>0</difficult>
		<bndbox>
			<xmin>249</xmin>
			<ymin>179</ymin>
			<xmax>388</xmax>
			<ymax>400</ymax>
		</bndbox>
	</object>
</annotation>
