<annotation>
	<folder>JPEGImages</folder>
	<filename>c85.jpg</filename>
	<path>/home/limei/桌面/copy/JPEGImages/c85.jpg</path>
	<source>
		<database>Unknown</database>
	</source>
	<size>
		<width>500</width>
		<height>500</height>
		<depth>3</depth>
	</size>
	<segmented>0</segmented>
	<object>
		<name>dog</name>
		<pose>Unspecified</pose>
		<truncated>0</truncated>
		<difficult>0</difficult>
		<bndbox>
			<xmin>104</xmin>
			<ymin>68</ymin>
			<xmax>468</xmax>
			<ymax>487</ymax>
		</bndbox>
	</object>
</annotation>
