<annotation>
	<folder>JPEGImages</folder>
	<filename>c86.jpeg</filename>
	<path>/home/limei/桌面/copy/JPEGImages/c86.jpeg</path>
	<source>
		<database>Unknown</database>
	</source>
	<size>
		<width>1067</width>
		<height>799</height>
		<depth>3</depth>
	</size>
	<segmented>0</segmented>
	<object>
		<name>dog</name>
		<pose>Unspecified</pose>
		<truncated>0</truncated>
		<difficult>0</difficult>
		<bndbox>
			<xmin>285</xmin>
			<ymin>89</ymin>
			<xmax>957</xmax>
			<ymax>729</ymax>
		</bndbox>
	</object>
</annotation>
