<annotation>
	<folder>JPEGImages</folder>
	<filename>c87.jpeg</filename>
	<path>/home/limei/桌面/copy/JPEGImages/c87.jpeg</path>
	<source>
		<database>Unknown</database>
	</source>
	<size>
		<width>400</width>
		<height>400</height>
		<depth>3</depth>
	</size>
	<segmented>0</segmented>
	<object>
		<name>dog</name>
		<pose>Unspecified</pose>
		<truncated>0</truncated>
		<difficult>0</difficult>
		<bndbox>
			<xmin>22</xmin>
			<ymin>117</ymin>
			<xmax>104</xmax>
			<ymax>336</ymax>
		</bndbox>
	</object>
	<object>
		<name>dog</name>
		<pose>Unspecified</pose>
		<truncated>0</truncated>
		<difficult>0</difficult>
		<bndbox>
			<xmin>89</xmin>
			<ymin>83</ymin>
			<xmax>232</xmax>
			<ymax>388</ymax>
		</bndbox>
	</object>
	<object>
		<name>dog</name>
		<pose>Unspecified</pose>
		<truncated>1</truncated>
		<difficult>0</difficult>
		<bndbox>
			<xmin>157</xmin>
			<ymin>12</ymin>
			<xmax>400</xmax>
			<ymax>396</ymax>
		</bndbox>
	</object>
</annotation>
