<annotation>
	<folder>JPEGImages</folder>
	<filename>c89.jpg</filename>
	<path>/home/limei/桌面/copy/JPEGImages/c89.jpg</path>
	<source>
		<database>Unknown</database>
	</source>
	<size>
		<width>860</width>
		<height>573</height>
		<depth>3</depth>
	</size>
	<segmented>0</segmented>
	<object>
		<name>dog</name>
		<pose>Unspecified</pose>
		<truncated>0</truncated>
		<difficult>0</difficult>
		<bndbox>
			<xmin>244</xmin>
			<ymin>45</ymin>
			<xmax>490</xmax>
			<ymax>474</ymax>
		</bndbox>
	</object>
	<object>
		<name>dog</name>
		<pose>Unspecified</pose>
		<truncated>0</truncated>
		<difficult>0</difficult>
		<bndbox>
			<xmin>495</xmin>
			<ymin>256</ymin>
			<xmax>660</xmax>
			<ymax>538</ymax>
		</bndbox>
	</object>
</annotation>
