<annotation>
	<folder>JPEGImages</folder>
	<filename>c9.jpg</filename>
	<path>/home/limei/桌面/copy/JPEGImages/c9.jpg</path>
	<source>
		<database>Unknown</database>
	</source>
	<size>
		<width>2560</width>
		<height>1600</height>
		<depth>3</depth>
	</size>
	<segmented>0</segmented>
	<object>
		<name>dog</name>
		<pose>Unspecified</pose>
		<truncated>0</truncated>
		<difficult>0</difficult>
		<bndbox>
			<xmin>428</xmin>
			<ymin>217</ymin>
			<xmax>2363</xmax>
			<ymax>1363</ymax>
		</bndbox>
	</object>
</annotation>
