<annotation>
	<folder>JPEGImages</folder>
	<filename>c90.jpeg</filename>
	<path>/home/limei/桌面/copy/JPEGImages/c90.jpeg</path>
	<source>
		<database>Unknown</database>
	</source>
	<size>
		<width>1680</width>
		<height>1050</height>
		<depth>3</depth>
	</size>
	<segmented>0</segmented>
	<object>
		<name>dog</name>
		<pose>Unspecified</pose>
		<truncated>0</truncated>
		<difficult>0</difficult>
		<bndbox>
			<xmin>674</xmin>
			<ymin>311</ymin>
			<xmax>1047</xmax>
			<ymax>845</ymax>
		</bndbox>
	</object>
</annotation>
