<annotation>
	<folder>JPEGImages</folder>
	<filename>c91.jpeg</filename>
	<path>/home/limei/桌面/copy/JPEGImages/c91.jpeg</path>
	<source>
		<database>Unknown</database>
	</source>
	<size>
		<width>960</width>
		<height>1280</height>
		<depth>3</depth>
	</size>
	<segmented>0</segmented>
	<object>
		<name>dog</name>
		<pose>Unspecified</pose>
		<truncated>0</truncated>
		<difficult>0</difficult>
		<bndbox>
			<xmin>147</xmin>
			<ymin>80</ymin>
			<xmax>947</xmax>
			<ymax>1082</ymax>
		</bndbox>
	</object>
</annotation>
