<annotation>
	<folder>JPEGImages</folder>
	<filename>c92.jpg</filename>
	<path>/home/limei/桌面/copy/JPEGImages/c92.jpg</path>
	<source>
		<database>Unknown</database>
	</source>
	<size>
		<width>500</width>
		<height>328</height>
		<depth>3</depth>
	</size>
	<segmented>0</segmented>
	<object>
		<name>dog</name>
		<pose>Unspecified</pose>
		<truncated>1</truncated>
		<difficult>0</difficult>
		<bndbox>
			<xmin>120</xmin>
			<ymin>11</ymin>
			<xmax>421</xmax>
			<ymax>328</ymax>
		</bndbox>
	</object>
</annotation>
