<annotation>
	<folder>JPEGImages</folder>
	<filename>c93.jpg</filename>
	<path>/home/limei/桌面/copy/JPEGImages/c93.jpg</path>
	<source>
		<database>Unknown</database>
	</source>
	<size>
		<width>600</width>
		<height>459</height>
		<depth>3</depth>
	</size>
	<segmented>0</segmented>
	<object>
		<name>dog</name>
		<pose>Unspecified</pose>
		<truncated>0</truncated>
		<difficult>0</difficult>
		<bndbox>
			<xmin>31</xmin>
			<ymin>50</ymin>
			<xmax>299</xmax>
			<ymax>417</ymax>
		</bndbox>
	</object>
	<object>
		<name>dog</name>
		<pose>Unspecified</pose>
		<truncated>1</truncated>
		<difficult>0</difficult>
		<bndbox>
			<xmin>302</xmin>
			<ymin>41</ymin>
			<xmax>574</xmax>
			<ymax>459</ymax>
		</bndbox>
	</object>
</annotation>
