<annotation>
	<folder>JPEGImages</folder>
	<filename>c96.jpg</filename>
	<path>/home/limei/桌面/copy/JPEGImages/c96.jpg</path>
	<source>
		<database>Unknown</database>
	</source>
	<size>
		<width>1280</width>
		<height>960</height>
		<depth>3</depth>
	</size>
	<segmented>0</segmented>
	<object>
		<name>dog</name>
		<pose>Unspecified</pose>
		<truncated>0</truncated>
		<difficult>0</difficult>
		<bndbox>
			<xmin>239</xmin>
			<ymin>98</ymin>
			<xmax>1065</xmax>
			<ymax>917</ymax>
		</bndbox>
	</object>
</annotation>
