<annotation>
	<folder>JPEGImages</folder>
	<filename>c98.jpeg</filename>
	<path>/home/limei/桌面/copy/JPEGImages/c98.jpeg</path>
	<source>
		<database>Unknown</database>
	</source>
	<size>
		<width>1040</width>
		<height>799</height>
		<depth>3</depth>
	</size>
	<segmented>0</segmented>
	<object>
		<name>dog</name>
		<pose>Unspecified</pose>
		<truncated>0</truncated>
		<difficult>0</difficult>
		<bndbox>
			<xmin>257</xmin>
			<ymin>56</ymin>
			<xmax>839</xmax>
			<ymax>763</ymax>
		</bndbox>
	</object>
</annotation>
