<annotation>
	<folder>JPEGImages</folder>
	<filename>c99.jpg</filename>
	<path>/home/limei/桌面/copy/JPEGImages/c99.jpg</path>
	<source>
		<database>Unknown</database>
	</source>
	<size>
		<width>400</width>
		<height>400</height>
		<depth>3</depth>
	</size>
	<segmented>0</segmented>
	<object>
		<name>dog</name>
		<pose>Unspecified</pose>
		<truncated>0</truncated>
		<difficult>0</difficult>
		<bndbox>
			<xmin>200</xmin>
			<ymin>181</ymin>
			<xmax>362</xmax>
			<ymax>390</ymax>
		</bndbox>
	</object>
	<object>
		<name>dog</name>
		<pose>Unspecified</pose>
		<truncated>0</truncated>
		<difficult>0</difficult>
		<bndbox>
			<xmin>50</xmin>
			<ymin>19</ymin>
			<xmax>334</xmax>
			<ymax>194</ymax>
		</bndbox>
	</object>
</annotation>
